DOI,Link
2207.03336,https://github.com/aig-upf/tarski
2206.01822,https://github.com/pellierd/pddl4j
2208.06555,https://github.com/fivosts/BenchPress
2206.05421,https://github.com/cmu-phil/causal-learn
2201.09222,https://github.com/delas/OnlineSoftConformance
2205.14753,https://github.com/chuffed/chuffed
2202.05793,https://github.com/potassco/plasp
2212.03178,https://github.com/BioinformaticsIASBS/LCS-DSclassification
2209.10656,https://github.com/rlworkgroup/garage
2211.13469,https://github.com/LHRLAB/NQE
2212.00443,https://github.com/KanghoonYoon/hetsgg-torch
2210.08809,https://github.com/yjw1029/DeepQSE
2204.00747,https://github.com/DataScienceLab18/IndoorToolKit
2208.05438,https://github.com/HongyangDu/AttentionQoE
2202.12003,https://github.com/radum2275/merlin
2202.11333,https://github.com/neurosynth/neurosynth
2211.15864,https://github.com/gpoesia/peano
2204.07203,github.com/pnnl/expert
2203.01146,https://github.com/Question406/LearningToFocus.3
2211.14673,https://github.com/jzf2101/alphatology
2207.03206,https://github.com/logpai/deep-loglizer
2206.11831,https://github.com/aseembits93/attainable-utility-preservation
2209.00917,github.com/gglorian/Nacre1
2202.12566,https://github.com/peschue/ai4eu-sudoku
2210.08713,https://github.com/caskcsg/SPCL
2207.00719,https://github.com/LemonQC/KG2Text
2206.11812,https://github.com/aseembits93/attainable-utility-preservation
2205.11005,https://github.com/alibaba/AliceMind
2209.13160,https://github.com/sisl/action_suggestions
2211.17199,https://github.com/yohayt/Resource-Sharing-Through-Multi-Round-Matchings
2211.03950,https://github.com/feiwangyuzhou/TernaryCL
2202.03057,http://github.com/google/jax
2205.01290,https://github.com/jayetri/DrugEHRQA-A-Question-Answering-Dataset-on-Structured-and-Unstructured-Electronic-Health-Records
2207.08379,https://github.com/Inspector-GameTesting/Inspector-GameTesting
2209.02646,https://github.com/chq1155/A-Survey-on-Generative-Diffusion-Model
2207.14119,https://github.com/ckindermann/iswc-2022
2205.13728,https://github.com/caoysh/GALOIS
2212.11214,https://github.com/creapar/crowdscore
2211.10085,https://github.com/KMY-SEU/HCE
2208.12523,https://github.com/HumanBehaviourChangeProject/semantic-prediction
2201.10453,https://github.com/almeidawarley/tsp-competition
2208.09137,https://github.com/yunchengwang/GreenKGC
2203.13599,https://github.com/GuillermoPuebla/rrl
2206.01240,https://github.com/markopalangetic/FGAC_experiments
2208.04153,https://github.com/omron-sinicx/planning-datasets
2204.10420,https://github.com/ryangpeixu/pg3
2203.03344,https://github.com/koulanurag/ma-gym
2206.12142,https://github.com/Lion-ZS/ER
2209.04355,https://github.com/thuiar/MIntRec
2204.06355,https://github.com/joonleesky/train-procgen-pytorch
2209.02157,https://github.com/qwerasdfzxcv852/demo-Lepus
2201.11580,https://github.com/AI-Decision/DecisionHoldem
2205.09729,https://github.com/echalmers/modulated_td_error
2205.01331,https://github.com/pbellot/graphyp
2203.00669,https://github.com/maximecb/gym-minigrid
2212.06564,https://github.com/Sergey-Zeltyn/MIP-dataset
2205.11234,https://github.com/IyarLin/simMixedDAG
2207.12252,https://github.com/hsu-aut/lion
2201.06401,https://github.com/Ludeme/Ludii
2204.04918,https://github.com/guochengqian/TNAS
2205.15141,https://github.com/ryoryon66/TAAM
2209.04911,https://github.com/MasterMilkX/KekeCompetition
2201.05910,https://github.com/mana-ysh/knowledge-graph-embeddings
2207.03270,https://github.com/hill-a/stable-baselines
2202.07919,https://github.com/anrep/HousE
2211.05939,https://github.com/ataitler/pyRDDLGym
2203.12969,https://github.com/gyunamister/impacta
2203.12817,https://github.com/Cranial-XIX/Continual-Learning-Private-Unlearning
2212.00543,https://github.com/Nanfeizhilu/FGS
2210.08153,https://github.com/NagisaZj/CUP
2207.12166,https://github.com/amrisi/amr-guidelines
2206.11017,https://github.com/jalaliamin/ResearchCode
2202.07553,https://github.com/ML-KULeuven/LearnSDD
2205.13646,https://github.com/balabit/Mouse-Dynamics-Challenge
2204.04301,https://github.com/AAIR-lab/GRAPL
2210.12026,https://github.com/owlcs/pizza-ontology
2208.10327,https://github.com/pablovin/ChefsHatGYM
2204.01611,https://github.com/tae898/explicit-memory
2206.07497,https://github.com/TeodorChiaburu/beexplainable
2212.11517,https://github.com/fhtanaka/SGR
2205.04850,https://github.com/aig-upf/pgp-landmarks
2202.13196,https://github.com/sh0416/clrcmd
2205.02328,https://github.com/Dtradke/Teams_IPD
2207.10330,https://github.com/rte-france/grid2viz
2202.03888,https://github.com/mohitKULeuven/HassleWithLocalSearch
2209.02427,https://github.com/Aman-4-Real/MMTG
2204.12190,https://github.com/zyr17/UniLight
2203.02150,https://github.com/soledad921/TEA-GNN
2204.14116,https://github.com/bprovanbessell/SATfeatPy
2204.02929,https://github.com/snlemons/search
2204.06908,https://github.com/vOptSolver/vOptLib
2206.06629,https://github.com/Hangwei12358/cross-person-HAR
2208.06377,https://github.com/AlessandroGianola/SMT-based-Data-Aware-Processes-Verification
2212.10723,https://github.com/mahdiabolghasemi/IEEE-predict
2203.00905,https://github.com/Oschart/FLoBC
2212.08817,https://github.com/snudatalab/Acorn
2210.10374,https://github.com/Thinklab-SJTU/UniversePartialMatching
2211.16011,https://github.com/JHL-HUST/BandHS
2209.12619,https://github.com/CamDavidsonPilon/lifetimes
2206.11515,https://github.com/potassco/plingo
2209.12398,https://github.com/kenluck2001/anomalyMulti
2202.02698,https://github.com/alibaba/tgin
2203.07993,https://github.com/BorealisAI/de-simple
2210.14640,https://gitlab.com/aureliendelage1/hsviforzsposgs
2205.05030,https://github.com/eadietz/bst2asp
2204.13329,https://gitlab.com/medicalvalues-public/mvrdf2vec
2212.09077,https://github.com/potassco/clingo-dl
2205.02923,https://github.com/Shereen-Elsayed/ImgRec
2203.11912,https://github.com/leandrocouto/sketch-learning
2209.09491,https://github.com/aiwc/test_
2205.03219,https://github.com/avani17101/go-nba
2211.15324,https://github.com/CodingPerson/PEARL
2202.02519,https://github.com/salesforce/ICLRec
2202.04427,https://github.com/sgzZ123/GRE
2204.02360,https://github.com/joyjitchatterjee/ScientometricReview-AI
2206.08687,https://github.com/rballester/yodo
2208.01093,https://github.com/drugs4covid/EBOCA-Resources
2202.13750,https://github.com/HibaArnaout/usefulnegations
2211.15349,https://github.com/xbrlej/FiPOMDP
2204.04686,https://github.com/Tiiiger/bert_score
2209.09066,https://github.com/alpha-asp/Alpha
2202.01356,https://github.com/DirectMolecularConfGen/DMCG
2202.04611,https://github.com/ospur/htn-tm
2212.09033,https://github.com/Ericonaldo/ILSwiss
2209.05090,https://github.com/leoprover/tptp-utils
2205.05228,https://github.com/sk5050/HCSSP
2210.12080,https://github.com/gyunamister/ProPPa
2212.02951,https://github.com/SUSTechGameAI/MFEDRL
2206.11539,https://github.com/itayhubara/BinaryNet.pytorch
2204.08687,https://github.com/huggingface/transformers
2212.01022,https://github.com/iitkcpslab/rlstl
2210.09880,https://github.com/alejandrodemiquel/ARC
2204.02011,https://github.com/YChen1993/ELECRec
2208.11024,https://github.com/neulab/KGxBoard
2203.08146,https://github.com/tengz-sudo/BEDS
2212.12154,https://github.com/sisl/CPOMDPExperiments
2206.06530,https://github.com/aig-upf/tarski
2203.13965,https://github.com/Otamio/KGA
2207.14772,https://github.com/amidos2006/Mario-AI-Framework
2207.10170,https://github.com/huanzhang12/ATLA_robust_RL
2206.08611,https://github.com/lwgkzl/MedDG
2209.12093,https://github.com/kevinzakka/x-magical
2207.03051,https://github.com/HaitaoMao/baidu_ultr_page
2201.08017,https://github.com/morningstarwang/MetaTTE
2206.07461,https://github.com/bytekid/cocomot
2205.14032,https://github.com/cmungall/owlstar
2205.08683,github.com/richoux/Taunt
2208.13515,https://github.com/ckohlschm/detecting-surprising-instances
2205.12735,https://github.com/DanCunnington/NSIL
2204.00755,https://github.com/tensorflow/agents
2210.15767,https://github.com/NVlabs/stylegan2
2205.15414,https://github.com/ndangtt/portfolio-based-analysis
2202.09836,https://github.com/TPTPWorld/NonClassicalLogic
2209.13883,https://github.com/yuanmu97/MLink
2202.00531,https://github.com/werner-duvaud/muzero-general
2211.05180,https://github.com/sanda-avram/ROST-source-code
2203.02696,github.com/lirmm/AHPRank
2201.07839,https://github.com/kavitawagh/RLProject
2206.04724,https://github.com/spechub/Hets
2204.10662,https://github.com/gyunamister/OPerA
2201.07040,https://github.com/OpenBioLink/ITO
2205.10893,https://github.com/openai/miniF2F
2207.05271,https://github.com/PneuC/OPARL
2207.02917,http://github.com/lmcinnes/umap
2212.04419,https://github.com/conormuldoon/unison
2210.03918,https://github.com/jetou/FEPSS
2210.11151,https://github.com/zhiweihu1103/ET-TET
2212.09447,https://github.com/gugarosa/mh
2202.08992,https://github.com/wonderren/public
2205.06454,https://github.com/sluxsr/r5
2203.15099,https://github.com/google-research/google-research
2207.08599,https://github.com/credl/abcbenchmarking
2210.08906,https://github.com/AndreaTocchetti/ACMReviewPaperPolimiDelft
2201.10334,https://github.com/amidos2006/Mario-AI-Framework
2212.10915,https://github.com/Zaiwen/ModelCorrection
2201.05544,https://github.com/JHL-HUST/BandMaxSAT
2201.06779,https://github.com/finnickniu/LDAM
2208.04273,https://github.com/bjsmith/multi-objective-value-aggregation
2207.06014,https://github.com/janothan/DL-TC-Generator
2212.02098,https://github.com/tae898/room-env
2207.11324,https://github.com/EngyNasr/MSE-Benchmark
2201.12885,https://github.com/COLAB2/midca
2205.11215,https://github.com/MetricsDI/DIMetrics
2205.08018,https://github.com/mitmedialab/viznet
2205.15126,https://github.com/egg-west/Stratega
2211.14409,https://github.com/domain-independent-dp/didp-rs
2205.13954,https://github.com/RobinLu1209/Geometer
2205.05793,https://github.com/IDSIA/crepo
2209.11746,https://github.com/selBaez/evaluating-conversations-as-ekg
2202.03047,https://github.com/Kayal-Sampath/detecting-signs-of-depression-from-social-media-postings
2207.08365,https://github.com/nand1155/CausNet
2207.06105,https://github.com/GriddlyAI/escape-rooms
2206.06202,https://github.com/KULeuvenADVISE/CGGD
2203.04699,https://github.com/openjournals/joss-reviews
2202.13250,https://github.com/stacs-cp/tabulation-exp
2203.07302,https://github.com/ValerioB88/gestalt-DNNs
2208.12210,https://github.com/edgeslab/sRCD
2211.15552,github.com/Maneuver-Identification to access the starter code and Maneuver-ID.mit.edu/data
2205.14094,https://github.com/melanibe/failure_detection_benchmark
2206.07870,https://github.com/tsumers/how-to-talk
2211.16118,https://github.com/jhudsy/Gradual_Attack_Inference
2206.13856,https://github.com/unitn-sml/wmi-pa
2211.08467,https://github.com/maximecb/gym-miniworld
2202.02886,https://github.com/GuanSuns/ASGRL
2210.03994,https://github.com/zjukg/RMPI
2209.06120,https://github.com/HazyResearch/legalbench
2203.13236,https://github.com/AAIR-lab/DAAISy
2206.01954,https://github.com/lotten/daoopt
2209.08271,https://github.com/ZJULearning/TransAt
2201.06783,https://github.com/guoyinwang/LEAM
2208.07622,https://github.com/TamSiuhin/KRACL
2204.02737,https://github.com/meta-logic/lltp
2209.05170,https://github.com/yohayt/RAR_EUMAS2022
2209.04309,https://github.com/jia-wei-zheng/alignment-over-probabilistic-events
2211.03219,https://github.com/j-easy/easy-rules
2208.08218,https://github.com/deepkashiwa20/ODCRN
2202.14018,https://github.com/bio-ontology-research-group/EL2Box
2207.09897,https://github.com/BerenMillidge/Active
2212.11868,https://github.com/zxd-octopus/VRICR
2204.09960,https://github.com/whitemech/planning-for-past-temporal-goals
2212.00951,https://gitlab.com/sm-ai-team/simplemind
2203.14079,https://github.com/reissnda/AutomataConformance
2205.14327,https://github.com/navdeepkumar12/rmdp
2209.05838,https://github.com/satviz/satviz
2210.12896,https://github.com/MR-BENjie/IDRL
2203.07782,https://github.com/Lee-zix/CEN
2202.01256,https://github.com/huawei-noah/xingtian
2208.03685,https://github.com/yunshengtian/DGEMO
2203.15274,https://github.com/zecevic-matej/Finding-Structure-and-Causality-in-Linear-Programs
2201.13176,https://github.com/leela-zero/leela-zero
2203.00183,https://github.com/pipihaiziguai/T3OMVP
2202.00294,https://github.com/jhudsy/numerical
2208.00894,https://github.com/FMZennaro/CategoricalCausalAbstraction
2212.12139,https://github.com/pokerme7777/HiTSKT
2206.05532,https://github.com/janikbenzin/contect
2204.00288,https://github.com/speckdavid/symk
2208.08320,https://github.com/Bjarten/early-stopping-pytorch
2212.04589,https://github.com/EduardoGarrido90/iit
2211.14987,https://github.com/tangjianpku/LINE
2212.12470,https://github.com/anlopez94/opf_gnn_ppo
2206.11900,https://github.com/itayhubara/BinaryNet.pytorch
2202.02125,https://github.com/kracr/ontoseer
2207.02100,https://github.com/SUSTechGameAI/EngagementMetrics
2208.08058,https://github.com/alanxuji/DeLaLA
2211.03831,https://github.com/microsoft/mttl
2203.03315,https://github.com/guolingbing/RLEA
2201.04841,https://gitlab.com/dikonov/Universal-Dictionary-of-Concepts
2206.12503,https://github.com/ChampiB/BTAI_3MF
../../cs.AI/2022/2207.03336v1/2207.03336v1.pdf,https://github.com/aig-upf/tarski
../../cs.AI/2022/2206.01822v1/2206.01822v1.pdf,https://github.com/pellierd/pddl4j
../../cs.AI/2022/2208.06555v2/2208.06555v2.pdf,https://github.com/fivosts/BenchPress
../../cs.AI/2022/2206.05421v1/2206.05421v1.pdf,https://github.com/cmu-phil/grasp
../../cs.AI/2022/2201.09222v1/2201.09222v1.pdf,https://github.com/delas/OnlineSoftConformance
../../cs.AI/2022/2205.14753v1/2205.14753v1.pdf,https://github.com/stacs-cp/AutoIG
../../cs.AI/2022/2202.05793v1/2202.05793v1.pdf,https://github.com/potassco/plasp
../../cs.AI/2022/2212.03178v1/2212.03178v1.pdf,https://github.com/BioinformaticsIASBS/LCS-DSclassification
../../cs.AI/2022/2209.10656v2/2209.10656v2.pdf,https://github.com/rlworkgroup/garage
../../cs.AI/2022/2211.13469v3/2211.13469v3.pdf,https://github.com/LHRLAB/NQE
../../cs.AI/2022/2212.00443v4/2212.00443v4.pdf,https://github.com/KanghoonYoon/hetsgg-torch
../../cs.AI/2022/2210.08809v2/2210.08809v2.pdf,https://github.com/yjw1029/DeepQSE
../../cs.AI/2022/2204.00747v2/2204.00747v2.pdf,https://github.com/DataScienceLab18/IndoorToolKit
../../cs.AI/2022/2208.05438v6/2208.05438v6.pdf,https://github.com/HongyangDu/AttentionQoE
../../cs.AI/2022/2202.11333v1/2202.11333v1.pdf,https://github.com/neurosynth/neurosynth
../../cs.AI/2022/2211.15864v1/2211.15864v1.pdf,https://github.com/gpoesia/peano
../../cs.AI/2022/2204.07203v1/2204.07203v1.pdf,github.com/pnnl/expert
../../cs.AI/2022/2203.01146v1/2203.01146v1.pdf,https://github.com/Question406/LearningToFocus.3
../../cs.AI/2022/2211.14673v1/2211.14673v1.pdf,https://github.com/jzf2101/alphatology
../../cs.AI/2022/2207.03206v1/2207.03206v1.pdf,https://github.com/ADLILog/ADLILog
../../cs.AI/2022/2206.11831v1/2206.11831v1.pdf,https://github.com/aseembits93/attainable-utility-preservation
../../cs.AI/2022/2209.00917v1/2209.00917v1.pdf,github.com/gglorian/Nacre1
../../cs.AI/2022/2202.12566v1/2202.12566v1.pdf,https://github.com/DuarteMRAlves/yolov5-grpc
../../cs.AI/2022/2210.08713v2/2210.08713v2.pdf,https://github.com/caskcsg/SPCL
../../cs.AI/2022/2207.00719v1/2207.00719v1.pdf,https://github.com/LemonQC/KG2Text
../../cs.AI/2022/2206.11812v3/2206.11812v3.pdf,https://github.com/aseembits93/attainable-utility-preservation
../../cs.AI/2022/2209.13160v1/2209.13160v1.pdf,https://github.com/sisl/action_suggestions
../../cs.AI/2022/2205.11005v1/2205.11005v1.pdf,https://github.com/alibaba/AliceMind
../../cs.AI/2022/2211.17199v1/2211.17199v1.pdf,https://github.com/yohayt/Resource-Sharing-Through-Multi-Round-Matchings
../../cs.AI/2022/2211.03950v1/2211.03950v1.pdf,https://github.com/feiwangyuzhou/TernaryCL
../../cs.AI/2022/2202.03057v2/2202.03057v2.pdf,http://github.com/google/jax
../../cs.AI/2022/2205.01290v1/2205.01290v1.pdf,https://github.com/jayetri/DrugEHRQA-A-Question-Answering-Dataset-on-Structured-and-Unstructured-Electronic-Health-Records
../../cs.AI/2022/2207.08379v1/2207.08379v1.pdf,https://github.com/Inspector-GameTesting/Inspector-GameTesting
../../cs.AI/2022/2209.02646v9/2209.02646v9.pdf,https://github.com/chq1155/A-Survey-on-Generative-Diffusion-Model
../../cs.AI/2022/2207.14119v1/2207.14119v1.pdf,https://github.com/ckindermann/iswc-2022
../../cs.AI/2022/2212.11214v1/2212.11214v1.pdf,https://github.com/creapar/crowdscore
../../cs.AI/2022/2205.13728v1/2205.13728v1.pdf,https://github.com/caoysh/GALOIS
../../cs.AI/2022/2211.10085v3/2211.10085v3.pdf,https://github.com/KMY-SEU/HCE
../../cs.AI/2022/2201.10453v1/2201.10453v1.pdf,https://github.com/paulorocosta/ai-for-tsp-competition
../../cs.AI/2022/2208.12523v1/2208.12523v1.pdf,https://github.com/HumanBehaviourChangeProject/semantic-prediction
../../cs.AI/2022/2204.04322v3/2204.04322v3.pdf,https://github.com/ramonpereira/paladinus
../../cs.AI/2022/2208.09137v2/2208.09137v2.pdf,https://github.com/DeepGraphLearning/KnowledgeGraphEmbedding
../../cs.AI/2022/2203.13599v3/2203.13599v3.pdf,https://github.com/GuillermoPuebla/rrl
../../cs.AI/2022/2206.01240v1/2206.01240v1.pdf,https://github.com/markopalangetic/FGAC_experiments
../../cs.AI/2022/2204.10420v1/2204.10420v1.pdf,https://github.com/ryangpeixu/pg3
../../cs.AI/2022/2203.03344v1/2203.03344v1.pdf,https://github.com/koulanurag/ma-gym
../../cs.AI/2022/2208.04153v1/2208.04153v1.pdf,https://github.com/omron-sinicx/planning-datasets
../../cs.AI/2022/2209.04355v1/2209.04355v1.pdf,https://github.com/thuiar/MIntRec
../../cs.AI/2022/2206.12142v1/2206.12142v1.pdf,https://github.com/Lion-ZS/ER
../../cs.AI/2022/2204.06355v1/2204.06355v1.pdf,https://github.com/joonleesky/train-procgen-pytorch
../../cs.AI/2022/2205.09729v1/2205.09729v1.pdf,https://github.com/echalmers/modulated_td_error
../../cs.AI/2022/2209.02157v1/2209.02157v1.pdf,https://github.com/qwerasdfzxcv852/demo-Lepus
../../cs.AI/2022/2201.11580v1/2201.11580v1.pdf,https://github.com/AI-Decision/DecisionHoldem
../../cs.AI/2022/2208.02914v1/2208.02914v1.pdf,https://github.com/probcomp/SolvingBIB.jl
../../cs.AI/2022/2205.01331v1/2205.01331v1.pdf,https://github.com/pbellot/graphyp
../../cs.AI/2022/2212.06564v1/2212.06564v1.pdf,https://github.com/Sergey-Zeltyn/MIP-dataset
../../cs.AI/2022/2201.06409v2/2201.06409v2.pdf,https://github.com/PlaytikaResearch/public_waterfall2
../../cs.AI/2022/2206.07472v1/2206.07472v1.pdf,https://github.com/hkharryking/labeled
../../cs.AI/2022/2205.11234v2/2205.11234v2.pdf,https://github.com/IyarLin/simMixedDAG
../../cs.AI/2022/2201.06401v2/2201.06401v2.pdf,https://github.com/Ludeme/Ludii
../../cs.AI/2022/2207.12252v2/2207.12252v2.pdf,https://github.com/hsu-aut/lion
../../cs.AI/2022/2204.04918v1/2204.04918v1.pdf,https://github.com/guochengqian/TNAS
../../cs.AI/2022/2201.05910v1/2201.05910v1.pdf,https://github.com/mana-ysh/knowledge-graph-embeddings
../../cs.AI/2022/2207.03270v4/2207.03270v4.pdf,https://github.com/hill-a/stable-baselines
../../cs.AI/2022/2205.15141v2/2205.15141v2.pdf,https://github.com/ryoryon66/TAAM
../../cs.AI/2022/2202.07919v3/2202.07919v3.pdf,https://github.com/anrep/HousE
../../cs.AI/2022/2209.04911v1/2209.04911v1.pdf,https://github.com/MasterMilkX/KekeCompetition
../../cs.AI/2022/2211.05939v4/2211.05939v4.pdf,https://github.com/ataitler/pyRDDLGym
../../cs.AI/2022/2203.12969v1/2203.12969v1.pdf,https://github.com/gyunamister/impacta
../../cs.AI/2022/2212.00543v2/2212.00543v2.pdf,https://github.com/Nanfeizhilu/FGS
../../cs.AI/2022/2203.12817v2/2203.12817v2.pdf,https://github.com/Cranial-XIX/Continual-Learning-Private-Unlearning
../../cs.AI/2022/2210.08153v1/2210.08153v1.pdf,https://github.com/NagisaZj/CUP
../../cs.AI/2022/2206.11017v3/2206.11017v3.pdf,https://github.com/jalaliamin/ResearchCode
../../cs.AI/2022/2207.12166v1/2207.12166v1.pdf,https://github.com/amrisi/amr-guidelines
../../cs.AI/2022/2206.07988v1/2206.07988v1.pdf,https://github.com/irshadbhat/csnli
../../cs.AI/2022/2202.07553v1/2202.07553v1.pdf,https://github.com/XuanxiangHuang/fmp-experiments
../../cs.AI/2022/2204.04301v3/2204.04301v3.pdf,https://github.com/AAIR-lab/GRAPL
../../cs.AI/2022/2204.01611v1/2204.01611v1.pdf,https://github.com/tae898/explicit-memory
../../cs.AI/2022/2208.10327v1/2208.10327v1.pdf,https://github.com/pablovin/ChefsHatGYM
../../cs.AI/2022/2206.07497v1/2206.07497v1.pdf,https://github.com/TeodorChiaburu/beexplainable
../../cs.AI/2022/2212.11517v1/2212.11517v1.pdf,https://github.com/fhtanaka/SGR
../../cs.AI/2022/2205.13646v1/2205.13646v1.pdf,https://github.com/balabit/Mouse-Dynamics-Challenge
../../cs.AI/2022/2202.13196v2/2202.13196v2.pdf,https://github.com/sh0416/clrcmd
../../cs.AI/2022/2205.02328v2/2205.02328v2.pdf,https://github.com/Dtradke/Teams
../../cs.AI/2022/2207.10330v1/2207.10330v1.pdf,https://github.com/rte-france/grid2viz
../../cs.AI/2022/2209.02427v1/2209.02427v1.pdf,https://github.com/Aman-4-Real/MMTG
../../cs.AI/2022/2202.03888v1/2202.03888v1.pdf,https://github.com/mohitKULeuven/HassleWithLocalSearch
../../cs.AI/2022/2205.04850v1/2205.04850v1.pdf,https://github.com/aig-upf/pgp-landmarks
../../cs.AI/2022/2204.14116v1/2204.14116v1.pdf,https://github.com/bprovanbessell/SATfeatPy
../../cs.AI/2022/2203.02150v2/2203.02150v2.pdf,https://github.com/soledad921/TEA-GNN
../../cs.AI/2022/2204.12190v1/2204.12190v1.pdf,https://github.com/zyr17/UniLight
../../cs.AI/2022/2204.06908v1/2204.06908v1.pdf,https://github.com/vOptSolver/vOptLib
../../cs.AI/2022/2204.02929v1/2204.02929v1.pdf,https://github.com/snlemons/search
../../cs.AI/2022/2206.06629v1/2206.06629v1.pdf,https://github.com/Hangwei12358/cross-person-HAR
../../cs.AI/2022/2208.06377v2/2208.06377v2.pdf,https://github.com/AlessandroGianola/SMT-based-Data-Aware-Processes-Verification
../../cs.AI/2022/2212.10723v1/2212.10723v1.pdf,https://github.com/mahdiabolghasemi/IEEE-predict
../../cs.AI/2022/2212.08817v1/2212.08817v1.pdf,https://github.com/snudatalab/Acorn
../../cs.AI/2022/2210.10374v1/2210.10374v1.pdf,https://github.com/Thinklab-SJTU/UniversePartialMatching
../../cs.AI/2022/2203.00905v2/2203.00905v2.pdf,https://github.com/Oschart/FLoBC
../../cs.AI/2022/2211.16011v1/2211.16011v1.pdf,https://github.com/JHL-HUST/BandHS
../../cs.AI/2022/2203.03153v4/2203.03153v4.pdf,https://github.com/hongzimao/decima-sim
../../cs.AI/2022/2206.11515v3/2206.11515v3.pdf,https://github.com/potassco/plingo
../../cs.AI/2022/2209.12619v1/2209.12619v1.pdf,https://github.com/CamDavidsonPilon/lifetimes
../../cs.AI/2022/2203.07993v2/2203.07993v2.pdf,https://github.com/BorealisAI/de-simple
../../cs.AI/2022/2202.02698v1/2202.02698v1.pdf,https://github.com/alibaba/tgin
../../cs.AI/2022/2210.14640v1/2210.14640v1.pdf,https://gitlab.com/aureliendelage1/hsviforzsposgs
../../cs.AI/2022/2209.12398v1/2209.12398v1.pdf,https://github.com/kenluck2001/anomalyMulti
../../cs.AI/2022/2212.09077v1/2212.09077v1.pdf,https://github.com/potassco/clingo-dl
../../cs.AI/2022/2204.13329v1/2204.13329v1.pdf,https://gitlab.com/medicalvalues-public/mvrdf2vec
../../cs.AI/2022/2205.02923v1/2205.02923v1.pdf,https://github.com/Shereen-Elsayed/ImgRec
../../cs.AI/2022/2209.09491v2/2209.09491v2.pdf,https://github.com/aiwc/test_
../../cs.AI/2022/2203.11912v1/2203.11912v1.pdf,https://github.com/leandrocouto/sketch-learning
../../cs.AI/2022/2205.05030v1/2205.05030v1.pdf,https://github.com/eadietz/bst2asp
../../cs.AI/2022/2205.03219v1/2205.03219v1.pdf,https://github.com/avani17101/go-nba
../../cs.AI/2022/2203.12200v1/2203.12200v1.pdf,https://github.com/BasemSuleiman/Personalized_Intelligent_Fitness_
../../cs.AI/2022/2202.02519v1/2202.02519v1.pdf,https://github.com/salesforce/ICLRec
../../cs.AI/2022/2202.04427v2/2202.04427v2.pdf,https://github.com/sgzZ123/GRE
../../cs.AI/2022/2211.15324v1/2211.15324v1.pdf,https://github.com/CodingPerson/PEARL
../../cs.AI/2022/2206.08687v1/2206.08687v1.pdf,https://github.com/rballester/yodo
../../cs.AI/2022/2208.01093v1/2208.01093v1.pdf,https://github.com/drugs4covid/EBOCA-Resources
../../cs.AI/2022/2202.13750v1/2202.13750v1.pdf,https://github.com/HibaArnaout/usefulnegations
../../cs.AI/2022/2204.02360v1/2204.02360v1.pdf,https://github.com/joyjitchatterjee/ScientometricReview-AI
../../cs.AI/2022/2211.15349v1/2211.15349v1.pdf,https://github.com/xbrlej/FiPOMDP
../../cs.AI/2022/2202.01356v2/2202.01356v2.pdf,https://github.com/DirectMolecularConfGen/DMCG
../../cs.AI/2022/2209.09066v1/2209.09066v1.pdf,https://github.com/alpha-asp/Alpha
../../cs.AI/2022/2209.05090v1/2209.05090v1.pdf,https://github.com/leoprover/logic-embedding
../../cs.AI/2022/2202.04611v1/2202.04611v1.pdf,https://github.com/ospur/htn-tm
../../cs.AI/2022/2204.04686v1/2204.04686v1.pdf,https://github.com/Tiiiger/bert_score
../../cs.AI/2022/2206.11539v2/2206.11539v2.pdf,https://github.com/itayhubara/BinaryNet.pytorch
../../cs.AI/2022/2212.09033v1/2212.09033v1.pdf,https://github.com/Ericonaldo/ILSwiss
../../cs.AI/2022/2204.08687v2/2204.08687v2.pdf,https://github.com/huggingface/transformers
../../cs.AI/2022/2205.05228v1/2205.05228v1.pdf,https://github.com/sk5050/HCSSP
../../cs.AI/2022/2210.12080v1/2210.12080v1.pdf,https://github.com/gyunamister/ProPPa
../../cs.AI/2022/2212.02951v2/2212.02951v2.pdf,https://github.com/SUSTechGameAI/MFEDRL
../../cs.AI/2022/2210.09880v2/2210.09880v2.pdf,https://github.com/khalil-research/ARGA-AAAI23
../../cs.AI/2022/2204.02011v4/2204.02011v4.pdf,https://github.com/YChen1993/ELECRec
../../cs.AI/2022/2212.12154v1/2212.12154v1.pdf,https://github.com/sisl/CPOMDPExperiments
../../cs.AI/2022/2206.06530v1/2206.06530v1.pdf,https://github.com/aig-upf/tarski
../../cs.AI/2022/2212.01022v1/2212.01022v1.pdf,https://github.com/iitkcpslab/rlstl
../../cs.AI/2022/2203.08146v1/2203.08146v1.pdf,https://github.com/tengz-sudo/BEDS
../../cs.AI/2022/2208.11024v1/2208.11024v1.pdf,https://github.com/neulab/KGxBoard
../../cs.AI/2022/2206.08611v1/2206.08611v1.pdf,https://github.com/lwgkzl/MedDG
../../cs.AI/2022/2203.13965v2/2203.13965v2.pdf,https://github.com/Otamio/KGA
../../cs.AI/2022/2207.03051v2/2207.03051v2.pdf,https://github.com/ChuXiaokai/baidu_ultr_dataset
../../cs.AI/2022/2209.12093v1/2209.12093v1.pdf,https://github.com/kevinzakka/x-magical
../../cs.AI/2022/2201.08017v1/2201.08017v1.pdf,https://github.com/morningstarwang/MetaTTE
../../cs.AI/2022/2207.14772v1/2207.14772v1.pdf,https://github.com/amidos2006/Mario-AI-Framework
../../cs.AI/2022/2211.09752v2/2211.09752v2.pdf,https://github.com/PreferredAI/cornac
../../cs.AI/2022/2207.10170v3/2207.10170v3.pdf,https://github.com/huanzhang12/ATLA_robust_RL
../../cs.AI/2022/2205.14032v1/2205.14032v1.pdf,https://github.com/cmungall/owlstar
../../cs.AI/2022/2205.08683v1/2205.08683v1.pdf,https://github.com/bwapi/bwapi
../../cs.AI/2022/2205.12735v7/2205.12735v7.pdf,https://github.com/DanCunnington/NSIL
../../cs.AI/2022/2208.13515v1/2208.13515v1.pdf,https://github.com/ckohlschm/detecting-surprising-instances
../../cs.AI/2022/2205.15414v1/2205.15414v1.pdf,https://github.com/ndangtt/portfolio-based-analysis
../../cs.AI/2022/2210.15767v1/2210.15767v1.pdf,https://github.com/NVlabs/stylegan2
../../cs.AI/2022/2207.12174v1/2207.12174v1.pdf,https://github.com/amrisi/amr-guidelines
../../cs.AI/2022/2202.09836v1/2202.09836v1.pdf,https://github.com/TPTPWorld/NonClassicalLogic
../../cs.AI/2022/2209.13883v3/2209.13883v3.pdf,https://github.com/yuanmu97/MLink
../../cs.AI/2022/2211.05180v2/2211.05180v2.pdf,https://github.com/sanda-avram/ROST-source-code
../../cs.AI/2022/2204.10662v2/2204.10662v2.pdf,https://github.com/gyunamister/OPerA
../../cs.AI/2022/2206.04724v2/2206.04724v2.pdf,https://github.com/spechub/Hets
../../cs.AI/2022/2207.05271v1/2207.05271v1.pdf,https://github.com/PneuC/OPARL
../../cs.AI/2022/2203.02696v1/2203.02696v1.pdf,github.com/lirmm/AHPRank
../../cs.AI/2022/2201.07040v2/2201.07040v2.pdf,https://github.com/OpenBioLink/ITO
../../cs.AI/2022/2201.07839v1/2201.07839v1.pdf,https://github.com/kavitawagh/RLProject
../../cs.AI/2022/2212.04419v2/2212.04419v2.pdf,https://github.com/conormuldoon/unison
../../cs.AI/2022/2209.04265v3/2209.04265v3.pdf,https://github.com/Yubin-Liu/Hybrid-Q-Learning-Network-Approach-for-MPLP
../../cs.AI/2022/2204.06076v2/2204.06076v2.pdf,https://github.com/boost-R/mboost
../../cs.AI/2022/2210.11151v1/2210.11151v1.pdf,https://github.com/zhiweihu1103/ET-TET
../../cs.AI/2022/2207.02917v1/2207.02917v1.pdf,http://github.com/lmcinnes/umap
../../cs.AI/2022/2212.09447v1/2212.09447v1.pdf,https://github.com/gugarosa/mh
../../cs.AI/2022/2210.03918v2/2210.03918v2.pdf,https://github.com/jetou/FEPSS
../../cs.AI/2022/2205.06454v1/2205.06454v1.pdf,https://github.com/sluxsr/r5
../../cs.AI/2022/2209.13873v3/2209.13873v3.pdf,https://github.com/yuanmu97/infi
../../cs.AI/2022/2212.09377v1/2212.09377v1.pdf,https://github.com/facebook/duckling
../../cs.AI/2022/2203.15099v3/2203.15099v3.pdf,https://github.com/google-research/google-research
../../cs.AI/2022/2207.08599v1/2207.08599v1.pdf,https://github.com/credl/abcbenchmarking
../../cs.AI/2022/2209.02562v1/2209.02562v1.pdf,https://github.com/inpefess/basic-rl-prover
../../cs.AI/2022/2202.08992v3/2202.08992v3.pdf,https://github.com/wonderren/public
../../cs.AI/2022/2210.08906v2/2210.08906v2.pdf,https://github.com/AndreaTocchetti/ACMReviewPaperPolimiDelft
../../cs.AI/2022/2201.10334v3/2201.10334v3.pdf,https://github.com/Michael-Beukman/PCGNN
../../cs.AI/2022/2208.04273v2/2208.04273v2.pdf,https://github.com/bjsmith/multi-objective-value-aggregation
../../cs.AI/2022/2201.05544v2/2201.05544v2.pdf,https://github.com/JHL-HUST/BandMaxSAT
../../cs.AI/2022/2201.12885v1/2201.12885v1.pdf,https://github.com/COLAB2/midca
../../cs.AI/2022/2212.02098v2/2212.02098v2.pdf,https://github.com/tae898/explicit-memory
../../cs.AI/2022/2201.06779v1/2201.06779v1.pdf,https://github.com/finnickniu/LDAM
../../cs.AI/2022/2212.10915v1/2212.10915v1.pdf,https://github.com/Zaiwen/ModelCorrection
../../cs.AI/2022/2205.15126v1/2205.15126v1.pdf,https://github.com/egg-west/Stratega
../../cs.AI/2022/2205.11215v1/2205.11215v1.pdf,https://github.com/MetricsDI/DIMetrics
../../cs.AI/2022/2207.06014v1/2207.06014v1.pdf,https://github.com/janothan/DL-TC-Generator
../../cs.AI/2022/2207.11324v2/2207.11324v2.pdf,https://github.com/EngyNasr/MSE-Benchmark
../../cs.AI/2022/2205.08018v1/2205.08018v1.pdf,https://github.com/mitmedialab/viznet
../../cs.AI/2022/2205.05793v1/2205.05793v1.pdf,https://github.com/IDSIA/crepo
../../cs.AI/2022/2211.14409v2/2211.14409v2.pdf,https://github.com/domain-independent-dp/didp-rs
../../cs.AI/2022/2209.11746v2/2209.11746v2.pdf,https://github.com/selBaez/evaluating-conversations-as-ekg
../../cs.AI/2022/2207.06105v2/2207.06105v2.pdf,https://github.com/GriddlyAI/escape-rooms
../../cs.AI/2022/2207.08365v1/2207.08365v1.pdf,https://github.com/nand1155/CausNet
../../cs.AI/2022/2202.03047v1/2202.03047v1.pdf,https://github.com/Kayal-Sampath/detecting-signs-of-depression-from-social-media-postings
../../cs.AI/2022/2205.13954v2/2205.13954v2.pdf,https://github.com/RobinLu1209/Geometer
../../cs.AI/2022/2206.06202v2/2206.06202v2.pdf,https://github.com/KULeuvenADVISE/CGGD
../../cs.AI/2022/2203.04699v1/2203.04699v1.pdf,https://github.com/openjournals/joss-reviews
../../cs.AI/2022/2202.13250v1/2202.13250v1.pdf,https://github.com/stacs-cp/tabulation-exp
../../cs.AI/2022/2208.12210v7/2208.12210v7.pdf,https://github.com/edgeslab/sRCD
../../cs.AI/2022/2205.14094v2/2205.14094v2.pdf,https://github.com/melanibe/failure_detection_benchmark
../../cs.AI/2022/2203.07302v3/2203.07302v3.pdf,https://github.com/ValerioB88/gestalt-DNNs
../../cs.AI/2022/2206.07870v3/2206.07870v3.pdf,https://github.com/tsumers/how-to-talk
../../cs.AI/2022/2211.06402v2/2211.06402v2.pdf,https://github.com/isee4xai/iSeeOnto
../../cs.AI/2022/2206.13856v1/2206.13856v1.pdf,https://github.com/unitn-sml/wmi-pa
../../cs.AI/2022/2211.08467v1/2211.08467v1.pdf,https://github.com/maximecb/gym-miniworld
../../cs.AI/2022/2203.13236v2/2203.13236v2.pdf,https://github.com/AAIR-lab/DAAISy
../../cs.AI/2022/2211.16118v2/2211.16118v2.pdf,https://github.com/jhudsy/Gradual_Attack_Inference
../../cs.AI/2022/2210.03994v2/2210.03994v2.pdf,https://github.com/zjukg/RMPI
../../cs.AI/2022/2209.06120v1/2209.06120v1.pdf,https://github.com/HazyResearch/legalbench
../../cs.AI/2022/2208.07622v2/2208.07622v2.pdf,https://github.com/TamSiuhin/KRACL
../../cs.AI/2022/2202.02886v3/2202.02886v3.pdf,https://github.com/GuanSuns/ASGRL
../../cs.AI/2022/2209.08271v1/2209.08271v1.pdf,https://github.com/DeepGraphLearning/KnowledgeGraph-2014
../../cs.AI/2022/2201.06783v1/2201.06783v1.pdf,https://github.com/guoyinwang/LEAM
../../cs.AI/2022/2208.08218v1/2208.08218v1.pdf,https://github.com/deepkashiwa20/ODCRN
../../cs.AI/2022/2212.11868v2/2212.11868v2.pdf,https://github.com/zxd-octopus/VRICR
../../cs.AI/2022/2209.05170v1/2209.05170v1.pdf,https://github.com/yohayt/RAR_EUMAS2022
../../cs.AI/2022/2204.09960v3/2204.09960v3.pdf,https://github.com/whitemech/planning-for-past-temporal-goals
../../cs.AI/2022/2209.04309v2/2209.04309v2.pdf,https://github.com/jia-wei-zheng/alignment-over-probabilistic-events
../../cs.AI/2022/2202.14018v1/2202.14018v1.pdf,https://github.com/bio-ontology-research-group/EL2Box
../../cs.AI/2022/2207.09897v1/2207.09897v1.pdf,https://github.com/BerenMillidge/Active
../../cs.AI/2022/2205.14327v2/2205.14327v2.pdf,https://github.com/navdeepkumar12/rmdp
../../cs.AI/2022/2208.03685v1/2208.03685v1.pdf,https://github.com/yunshengtian/DGEMO
../../cs.AI/2022/2203.00183v2/2203.00183v2.pdf,https://github.com/pipihaiziguai/T3OMVP
../../cs.AI/2022/2202.01256v1/2202.01256v1.pdf,https://github.com/huawei-noah/xingtian
../../cs.AI/2022/2212.00951v1/2212.00951v1.pdf,https://gitlab.com/sm-ai-team/simplemind
../../cs.AI/2022/2203.14079v1/2203.14079v1.pdf,https://github.com/reissnda/AutomataConformance
../../cs.AI/2022/2202.00294v1/2202.00294v1.pdf,https://github.com/jhudsy/numerical
../../cs.AI/2022/2203.07782v2/2203.07782v2.pdf,https://github.com/Lee-zix/CEN
../../cs.AI/2022/2209.05838v1/2209.05838v1.pdf,https://github.com/satviz/satviz
../../cs.AI/2022/2203.15274v1/2203.15274v1.pdf,https://github.com/zecevic-matej/Finding-Structure-and-Causality-in-Linear-Programs
../../cs.AI/2022/2210.12896v2/2210.12896v2.pdf,https://github.com/MR-BENjie/IDRL
../../cs.AI/2022/2208.00894v1/2208.00894v1.pdf,https://github.com/FMZennaro/CategoricalCausalAbstraction
../../cs.AI/2022/2201.13176v2/2201.13176v2.pdf,https://github.com/leela-zero/leela-zero
../../cs.AI/2022/2203.00964v1/2203.00964v1.pdf,https://github.com/google-research/bert
../../cs.AI/2022/2212.12139v3/2212.12139v3.pdf,https://github.com/pokerme7777/HiTSKT
../../cs.AI/2022/2206.05532v1/2206.05532v1.pdf,https://github.com/janikbenzin/contect
../../cs.AI/2022/2208.08320v2/2208.08320v2.pdf,https://github.com/Bjarten/early-stopping-pytorch
../../cs.AI/2022/2211.14987v1/2211.14987v1.pdf,https://github.com/bdy9527/SDCN
../../cs.AI/2022/2204.00288v1/2204.00288v1.pdf,https://github.com/speckdavid/symk
../../cs.AI/2022/2212.04589v1/2212.04589v1.pdf,https://github.com/EduardoGarrido90/iit
../../cs.AI/2022/2212.12470v1/2212.12470v1.pdf,https://github.com/anlopez94/opf_gnn_ppo
../../cs.AI/2022/2206.11900v1/2206.11900v1.pdf,https://github.com/itayhubara/BinaryNet.pytorch
../../cs.AI/2022/2202.02125v1/2202.02125v1.pdf,https://github.com/kracr/ontoseer
../../cs.AI/2022/2211.03831v3/2211.03831v3.pdf,https://github.com/microsoft/mttl
../../cs.AI/2022/2207.02100v1/2207.02100v1.pdf,https://github.com/SUSTechGameAI/EngagementMetrics
../../cs.AI/2022/2208.08058v2/2208.08058v2.pdf,https://github.com/alanxuji/DeLaLA
../../cs.AI/2022/2203.03315v1/2203.03315v1.pdf,https://github.com/guolingbing/RLEA
../../cs.AI/2022/2201.04841v1/2201.04841v1.pdf,https://gitlab.com/dikonov/Universal-Dictionary-of-Concepts
../../cs.AI/2022/2206.12503v1/2206.12503v1.pdf,https://github.com/ChampiB/BTAI_3MF
../../cs.AI/2022/2203.05057v2/2203.05057v2.pdf,https://github.com/bi3mer/LinkingLevelSegments
2304.14712,https://github.com/Wadaboa/3d-bpp
2301.13869,https://github.com/fastai/imagenette
2302.11165,https://github.com/SonglinZhai/DNG
2303.14332,https://github.com/YODA-Lab/Simple-Incentives-For-Ridesharing
2304.11411,https://github.com/Arthur-Heng/Spoiler-Detection
2307.13552,https://github.com/forestagostinelli/DeepCubeA
2310.07589,https://github.com/for-ai/goodtriever
2306.04274,https://github.com/filecoin-project/bacalhau
2304.11513,https://github.com/yuehu9/DSAB-Detecting-Socially-Abnormal-Drving-Behaviors
2309.17288,https://github.com/Link-AGI/AutoAgents
2303.15113,https://github.com/semanticsystems/swemls-toolkit
2302.09891,https://github.com/dhiyu/UPLLRS
2301.12289,https://gitlab.com/lina.siltala/two
2307.07909,https://github.com/yunyikristy/DualMind
2308.0056,https://github.com/xybFight/NAR4TSP
2302.00389,https://github.com/marslanm/multimodality-representation-learning
2308.13433,https://github.com/hsu-aut/2UML
2310.0236,http://github.com/Farama-Foundation/Gymnasium-Robotics
2303.14894,https://github.com/solimul/yal-lin
2303.01618,https://github.com/BerenMillidge/DeepActiveInference
2306.14421,https://github.com/usail-hkust/Meta-Pec
2302.06975,https://github.com/microsoft/responsible-ai-toolbox
2302.0318,https://github.com/marcotcr/lime
2304.13998,https://github.com/thomasnguyen92/MIMIC-IV-ICD-data-processing
2305.07903,https://github.com/ontologyportal/sumo
2307.14893,https://github.com/m4lvin/HasCacBDD
2303.12336,https://github.com/HKU-Smart-Mobility-Lab/Transpotation_Simulator
2306.00036,https://github.com/openai/gym
2302.1188,https://github.com/stellargraph/stellargraph
2304.01543,https://github.com/Trusted-AI/AIF360
2305.13823,https://github.com/xplanlab/xroute_env
2307.03937,github.com/yangji9181/AutoPath
2308.03527,https://github.com/facebookresearch/EmpatheticDialogues
2302.03189,github.com/ViscousLemming/Technical-Appendices
2307.12626,https://github.com/weijingxuan/COCO-MMR
2305.10378,https://github.com/uoe-agents/pressureplate
2308.03107,https://github.com/hwchase17/langchain
2301.05433,https://github.com/alonjacovi/XAI-Scholar
2304.0997,https://github.com/jeroenmiddelhuis/LearningResourceAllocation
2308.13755,https://github.com/cruiseresearchgroup/i-align
2305.11014,https://github.com/tomsilver/llm-genplan
2301.10289,https://github.com/deepmind/pushworld
2309.11284,https://github.com/VAN-QIAN/CIKM23-HIEST
2302.09071,https://github.com/NVlabs/GroupViT
2307.09296,https://github.com/Vicinity111/DCE-RD
2306.02519,https://github.com/openai/evals
2310.05186,https://github.com/ilog-ecnu/EvoRRP
2308.12486,https://github.com/bowen-xu/SeL-NAL
2309.11724,https://github.com/AI-S2-Lab/EmoPP
2306.02979,https://github.com/kingoflolz/mesh-transformer-jax
2302.13591,https://github.com/dbpedia/ontology-tracker
2304.09015,https://github.com/JianhaoChen-nju/PaTeCon
2307.15451,github.com/a-burigana/delphic_asp
2310.09158,https://github.com/chenmeiqii/Teach-LLM-LR
2309.095,https://github.com/Zhang-Zijian/PromptST
2310.00656,https://github.com/wiio12/LEGO-Prover
2310.07478,https://github.com/minjiyoon/MMGL
2304.09407,https://github.com/Pointerformer/Pointerformer
2302.09335,https://github.com/sienna-wxy/KDGene
2301.1028,https://github.com/ari-dasci/S-PlanningProblemGeneration
2302.01561,https://github.com/Michael-Beukman/MCHAMR
2309.1618,github.com/alban-grastien/diagfwork
2304.14678,https://github.com/zjukg/NeuralKG
2304.14832,https://github.com/arminbiere/cadical
2308.05501,https://github.com/ejcgt/attention-target-detection
2309.11064,https://github.com/tatsu-lab/stanford_alpaca
2306.16205,https://github.com/eugenevinitsky/sequential_social_dilemma_games
2309.12529,https://github.com/WilsonWangTHU/neural_graph_evolution
2307.13815,https://github.com/edgetrier/AI-Reasoner
2308.15863,https://github.com/alpha-asp/Alpha
2308.15969,https://github.com/anonymous902109/iters
2307.07734,https://github.com/FudanVI/generative-abstract-reasoning
2310.02019,http://github.com/pedramsalimi/NLGXAI
2301.07345,https://github.com/irfansha/Q-sage
2301.05082,https://github.com/IgnacioVellido/Driver-Assistance-System
2307.11525,http://github.com/google/tuning_playbook
2305.08116,https://github.com/asoulet/superficiality
2308.1539,https://github.com/Grottoh/WTA-Network
2308.04749,https://github.com/BrainCog-X/Brain-Cog
2304.12604,https://github.com/hhdo/DaeMon
2308.0403,https://github.com/Gentopia-AI/Gentopia
2310.05167,https://github.com/Snagnar/Hieros
2302.11871,https://github.com/Jfortin1/ComBatHarmonization
2310.08032,https://github.com/aoluming/IDKG
2306.03381,https://github.com/obsproject/obs-studio
2308.03161,https://github.com/rbrandt1/Precise-Benchmarking-of-XAI
2303.15027,https://github.com/xiangyu-sun-789/NTS-NOTEARS
2306.05016,https://github.com/BUPT-ANTlab/PEPCRL-MVP
2306.07635,https://gitlab.com/JoD/exact
2310.03352,github.com/idsia/credici
2306.03604,https://github.com/ZJLAB-AMMI/LLM4RL
2310.06116,https://github.com/teshnizi/OptiMUS
2304.11722,https://github.com/lilv98/LogicRec
2307.01532,https://github.com/filipcano/intentional-autonomous-agents
2302.09346,https://github.com/christianversloot/machine-learning-articles
2310.0569,https://github.com/abisee/cnn-dailymail
2306.0868,https://github.com/ramonpereira/goal-recognition-ltlf_pltlf-fond
2301.02781,https://github.com/wencolani/IterE
2306.07542,https://github.com/VictorYXL/ReplenishmentEnv
2306.03423,https://github.com/maxwellreuter/chatgpt-refusals
2306.05138,https://github.com/facebookresearch/esm
2308.04492,https://github.com/MBZUAI-nlp/Bactrian-X
2307.03171,https://github.com/khalil-research/leo
2309.12696,https://github.com/tinkoff-ai/CORL
2306.13956,https://github.com/n-brindise/pointwiseExpl-example
2306.04814,https://github.com/shuwen-liu-ox/LogInfer
2302.00965,https://github.com/sail-sg/PatchAIL
2308.02666,https://github.com/nathansttt/hog2
2310.04988,https://github.com/Nv7-GitHub/googlesearch
2304.05271,https://github.com/tufts-ai-robotics-group/Automaton-guided-CL
2306.04806,https://github.com/AAIR-lab/QACE
2306.06294,https://github.com/microsoft/dowhy
2304.02769,https://github.com/Derposoft/plot_
2305.10051,https://github.com/baharslmn/pbn-epsilon-tuning
2304.14918,https://github.com/QueensGambit/CrazyAra
2303.10118,https://github.com/potassco/clingraph
2304.11574,https://github.com/librahu/HIN-Datasets-for-Recommendation-a
2303.03961,https://github.com/bscheibel/dmma-e
2303.08264,https://github.com/chanind/amr-social-chemistry-reasoner
2308.03427,https://github.com/IDEA-CCNL/Fengshenbang-LM
2304.11905,https://github.com/InkiInki/DKMIL
2306.03606,https://github.com/elsevier-AI-Lab/BioBLP
2304.1174,https://github.com/agrimgupta92/sgan
2307.10688,https://github.com/banbaralab/recongo
2307.09905,https://github.com/martinballa/PyTAG979-8-3503-2277-4
2302.04123,https://github.com/ftaglino/SemanticRelatednessInRDFGraph
2309.17319,https://github.com/nasa-impact/hls-foundation-os
2306.07353,https://github.com/pellierd/HDDL2.1
2307.02164,https://github.com/filipcano/safety-shields-delayed
2307.10224,https://github.com/gemcollector/RL-ViGen
2303.1668,https://gitlab.com/janikbenzin/ocpd
2308.03447,https://github.com/liseda-lab/TrueWalks
2306.13546,https://github.com/maximecb/gym-minigrid
2307.06126,https://github.com/Dimosts/ActiveConLearn
2303.14363,https://github.com/DillonZChen/cpp-mossp-planner
2308.15514,https://github.com/openai/evals
2307.11343,https://github.com/xtli12/GXU-LIPE
2307.08262,https://github.com/stan5dard/IJCAI-CoachAI-Challenge-2023
2306.02043,https://github.com/kakaobrain/pororo
2303.02664,https://github.com/amihayelboher/CoPE
2302.00302,https://github.com/Ethan-Yys/DBPMaN
2310.07653,https://github.com/lllyasviel/Fooocus
2309.14796,https://github.com/skewondr/FoLiBi
2309.12423,https://github.com/solashirai/WWW-EvCBR
2305.1083,https://github.com/CompVis/stable-diffusion
2309.13218,https://github.com/pivithuruthejanamarasinghe/AI-Copilot-Data
2309.03651,https://github.com/Farama-Foundation/Minigrid
2306.13935,https://github.com/cosmic-cortex/modAL
2301.1197,https://github.com/itsaugat/sf
2307.09858,https://github.com/wulongfeng/CaliRare
2308.15168,https://github.com/DiseaseOntology/-HumanDiseaseOntology
2309.11737,https://github.com/JoeyHou/branching
2306.0548,https://github.com/tatsu-lab/stanford
2309.11361,https://github.com/kgqa4mat/KGQA4MAT10
2302.098,https://github.com/BomBooooo/CNTS
2305.17601,https://github.com/johannestreutlein/scoring-rules-performative
2308.01732,https://github.com/RMLio/rmlmapper-java
2302.10503,github.com/trangnnp/RSM
2308.04814,https://github.com/ykazakov/ore-2015-competition-framework
2305.15318,github.com/raki123/counterfactuals
2308.01105,https://github.com/boschresearch/KGE-Welding
2310.05123,https://github.com/IsolationKernel/TIDKC
2306.09082,https://github.com/openai/Video-Pre-Training
2302.10567,https://github.com/steve30572/DPAO
2310.01536,github.com/awjdean/CayleyTableGeneration
2309.17057,https://github.com/ADMAntwerp/XAIstories
2305.08511,https://github.com/spell-system/SPELL
2305.13206,https://github.com/jw3il/PommerLearn
2303.0186,https://github.com/giacomo97cnr/Rule-based-ODD
2308.05996,https://github.com/yuangh-x/2022-NIPS-Tenrec
2306.03048,https://github.com/NeuralNetworkVerification/Marabou
2306.17504,https://github.com/Mi-Peng/Systematic-Investigation-of-Sparse-Perturbed-Sharpness-Aware-Minimization-Optimizer
2310.08043,https://github.com/UlisseMini/procgen-tools
2309.09404,https://github.com/ai4society/Ultra-Metric
2303.11899,https://github.com/wingsweihua/colight
2302.0115,https://github.com/sgottsch/Tab2KG
2304.0703,https://github.com/Grey-z/FairRec
2310.03188,https://github.com/google-research/vision_transformer
2306.08397,https://github.com/ml-research/SLASH
2301.11047,https://github.com/luiscruz/slr-green-ai
2305.08234,https://github.com/ScriptsOfTribute/ScriptsOfTribute-Core
2304.12512,https://github.com/henrygilbert22/phd_chatgpt
2305.1113,https://github.com/caoyu-noob/Multi-GPT2
2308.15879,https://github.com/alviano/xasp
2304.00755,https://github.com/RingBDStack/SR-MARL
2301.03283,https://github.com/ZesenChen/multi-label-dataset
2303.00968,https://github.com/that-recsys-lab/scruf_d
2306.00249,https://github.com/sisl/BetaZero.jl
2301.11891,https://github.com/PolycraftWorld/PAL
2310.02658,https://github.com/AIG-ist-tugraz/ExamMultiConf
2306.02342,https://github.com/theoad/dot-dmax
2301.02983,github.com/xufangzhi/TaCo
2306.14722,https://github.com/RUCKBReasoning/FC-KBQA
2305.15743,https://github.com/PJSAC/Trans
2308.05385,https://github.com/Hope-Rita/PatCLS
2304.13269,https://github.com/SUSTechGameAI/GameAIPlatforms
2310.05129,https://github.com/facebookresearch/fbai-speech
2305.11407,https://github.com/celehs/LATTE
2309.15242,https://github.com/TheFebrin/Polygonal-Map-Generation-for-Games
2307.0843,https://github.com/JHL-HUST/LDMLP
2308.15985,https://github.com/MoonBlvd/tad-IROS2019
2310.08328,https://github.com/Fantasy-Shaw/H-STFormer
2302.10439,https://github.com/hoergems/ADVT
2301.04709,https://github.com/atticusg/InterchangeInterventions
2304.05493,https://github.com/UzmaHasan/KGS-Causal-Discovery-Using-Constraints
2307.12933,https://github.com/opendilab/DI-engine
2305.0556,https://github.com/wilrop/distributional-dominance
2307.04608,https://github.com/yanneta/learning
2301.11087,https://github.com/aig-upf/best-first-generalized-planning
2309.09901,github.com/cmu-phil/tetrad
2309.16146,https://github.com/NEU-DataMining/T-COL
2304.13854,https://github.com/VT-NLP/open_domain_entity_state_tracking
2306.03082,https://github.com/Lichang-Chen/InstructZero
2306.04152,https://www.github.com/Datastory-CN/ASQP-Datasets
2306.04813,https://github.com/Parallax-Advanced-Research/noveltygen
2306.06841,https://github.com/weareteamturing/assist09-skill-to-skill-relationships
2304.00879,https://github.com/PietroTotis/smProblog
2310.01471,https://github.com/udg-lai/KEPS2023
2302.06188,https://github.com/unitn-sml/wmi-pa
2307.09047,https://github.com/mv96/mm_extraction
2303.13512,https://github.com/openai/Video-Pre-Training
2305.07465,https://github.com/eilab-gt/beyond-prompts-experiment
2303.03581,https://github.com/vivian1993/NCRL
2308.03179,https://github.com/AoShuang92/optimal_risk
2309.11473,https://github.com/BBKing49/MVRL_FS
2304.12,https://github.com/RingBDStack/SISA
2308.15819,https://github.com/Laakeri/sharpsat-td
2306.16914,https://github.com/cmu-delphi/covidcast-indicators
2301.10034,https://github.com/CraftJarvis/MC-Controller
2305.08144,https://github.com/X-LANCE/Mobile-Env
2302.03578,https://github.com/fhvilshoj/TorchLRP
2302.00419,https://github.com/observerss/ngender
2302.0156,https://github.com/CraftJarvis/MC-Planner
2309.00317,https://github.com/Tam1032/DSAA2023-Challenge-Link-prediction-DS-UIT
2307.11709,github.com/aakashba/smncode2022
2302.12676,https://github.com/stelios30/aamas23-responsibility-attribution-mcts
2306.0291,https://github.com/bpogroup/aepn-project
2310.08915,https://github.com/zyxxmu/DSnoT
2304.11383,https://github.com/Huanhuaneryuan/SR-PLR
2309.11478,https://github.com/Rapptz/discord.py
2307.08304,https://www.github.com/IDSIA-papers/2023-IJAR-efficient-bounding
2306.00335,https://github.com/dbtsai/libDAI
2309.10253,https://github.com/sherdencooper/GPTFuzz
2302.02785,https://github.com/RationalityEnhancementGroup/MGPO-SSD
2309.09825,https://github.com/openai/gpt-3
2310.05692,https://github.com/RandomUserName2023/Control-ANNs
2301.124,https://github.com/TempHero/HeroNet
2306.03553,https://github.com/Significant-Gravitas/Auto-GPT
2308.03377,https://github.com/zmy-9/CMKT
2308.04299,https://github.com/lychanl/acer-release
2308.0345,https://github.com/openfaas/faas
2310.07871,https://github.com/XiaochenWang-PSU/MedHMP
2303.13531,github.com/gingerabsurdity/hldiscovery
2308.16262,https://github.com/muandet-lab/causal-strategic-learning-with-selection
2310.05015,https://github.com/tatsu-lab/stanford_alpaca
2303.17892,https://github.com/sbadredd/interval-ltn
2303.01325,https://github.com/CompVis/stable-diffusion
2308.05585,https://github.com/openai/baselines
2306.02415,https://github.com/royabel/Top-Down-Networks
2304.01547,https://github.com/Optimization-and-Machine-Learning-Lab/open_spiel
2309.13939,https://github.com/chatarena/chatarena
2310.0147,https://github.com/stacs-cp/Plotting-Journal
2310.08008,https://github.com/allenai/contrast-sets
2302.11563,https://github.com/Iskandor/SND
2310.06624,https://github.com/johny-b/BridgeHand2Vec
2301.08687,https://github.com/surynek/boOX
2309.11469,https://github.com/KKimura360/MLC_toolbox
2306.07863,https://github.com/ltzheng/Synapse
2304.04893,https://github.com/EVKG/evkg
2308.14301,https://github.com/Eivy1234/Resumai-site
2302.12691,https://github.com/collab-uniba/Software-Solutions-for-Reproducible-ML-Experiments
2308.06137,https://github.com/portal-cornell/Game-Theoretic-Forecasting-Planning
2305.13258,https://github.com/djherron/NeSy4VRD
2308.04172,https://github.com/rdkit/rdkit
2305.04357,https://github.com/FMZennaro/CausalAbstraction
2306.03387,https://github.com/LARS-research/ColdNAS
2309.14663,https://github.com/pranavraj575/swarm
2308.07327,https://github.com/uoftcprg/pokerkit
2302.10407,https://github.com/Orion-wyc/GAGA
2301.0849,https://github.com/causalgraph/causalgraph
2307.08775,https://github.com/yining610/GEAR
2307.10543,https://github.com/WindyLee0822/TREA
2306.15664,https://github.com/wywyWang/CoachAI-Projects
2310.04963,https://github.com/chrismun/vv
2302.1065,https://github.com/secure-ai-assistants/norm-prediction
2306.02199,https://github.com/xiongbo010/ShrinkE
2308.04161,https://github.com/potassco/https
2309.12132,https://github.com/CamilleZ99/ContractKG
2303.06775,https://github.com/rocanaan/hanabi-ad-hoc-learning
2304.12686,github.com/ViscousLemming/Technical-Appendices
2306.14256,https://github.com/C4AI/gap-text2sql
2301.05893,https://github.com/mattdravucz/jointly-learning-causal-abstraction
2304.13922,https://github.com/bi3mer/GramElitesData
2302.00935,https://github.com/Haichao-Zhang/PEX
2307.07764,https://github.com/pievos101/cpath
2309.05371,https://github.com/KrellFace/gen_shift_analysis
2306.04324,https://github.com/Eighonet/GCT-TTE
2301.07427,https://github.com/marti5ini/GENCDA
2307.08721,https://github.com/ZhangDataLab/CeleTrip
2308.03488,https://github.com/zmy-9/SFKT
2305.09111,https://github.com/cunananm2000/WordleBot
2309.10129,https://github.com/HaochenZhang717/Uniswap-v3
2306.15489,https://github.com/sheoyon-jhin/PAD
2307.13549,https://github.com/BharathMuppasani/AI-Planning-Ontology
2308.14475,https://github.com/MozhganVD/InteractivePatternDetection
2305.11624,https://github.com/open-mmlab/mmdetection
2306.15796,https://github.com/thuiar/MMSA
2310.07348,https://github.com/Vitens/epynet
2307.16387,https://github.com/kflijia/bijective_crossing_functions
2301.06387,https://github.com/LxzGordon/pecan_human_AI_coordination
2307.02131,https://github.com/toygarr/counterfactual-explanations-for-medical-research
2305.0984,github.com/aibasel/downward-benchmarks
2308.02665,https://github.com/sislab-unitn/Let-s-Give-a-Voice-to-Conversational-Agents-in-VR
2303.16949,https://github.com/irfansha/Q-sage
2308.04639,https://github.com/nagata-yuichi/GA-EAX
2304.12146,https://github.com/Cyril-Grelier/gc
2304.08738,https://github.com/dselsam/neurosat
2302.07059,https://github.com/BDI-UFRGS/GeoCoreOntology
2305.10783,https://github.com/iglu-contest/nlp-baselines-2022
2308.04371,https://github.com/iiis-ai/cumulative-reasoning
2305.06951,https://github.com/AIG-ist-tugraz/FastDiagP
2303.00822,https://github.com/blcates/AttackerEntrapment
2310.01505,https://github.com/Z3Prover/z3
2304.14323,https://github.com/cl-tud/standpoint-el-souffle-reasoner
2308.05985,https://github.com/ZL-Helios/TrajPAC
2310.06326,https://github.com/LUMIA-Group/I2SRM
2304.03031,https://github.com/facebookresearch/DPR
2303.04534,https://github.com/alviano/valphi
2310.07156,https://github.com/majid75/CoCo
2306.05069,https://github.com/asptools/software
2301.05535,https://github.com/cleopatra-itn/BarrierDetection-Classification
2306.03236,github.com/facebookresearch/e3b
2309.10532,https://github.com/Yang-Yuan/CPCNet
2302.04238,https://github.com/WellyZhang/RAVEN
2306.14546,https://github.com/sbadredd/logltn-experiments
2308.0596,https://github.com/salesforce/BOLAA
2301.10571,https://gitlab.com/enricos83/PPMAJAL-Expressive-PDDL-Java-Library
../../cs.AI/2023/2301.13869v2/2301.13869v2.pdf,https://github.com/fastai/imagenette
../../cs.AI/2023/2302.11165v2/2302.11165v2.pdf,https://github.com/SonglinZhai/DNG
../../cs.AI/2023/2303.14332v1/2303.14332v1.pdf,https://github.com/YODA-Lab/Simple-Incentives-For-Ridesharing
../../cs.AI/2023/2307.13552v2/2307.13552v2.pdf,https://github.com/forestagostinelli/DeepCubeA
../../cs.AI/2023/2304.11411v2/2304.11411v2.pdf,https://github.com/Arthur-Heng/Spoiler-Detection
../../cs.AI/2023/2310.07589v1/2310.07589v1.pdf,https://github.com/for-ai/goodtriever
../../cs.AI/2023/2306.04274v1/2306.04274v1.pdf,https://github.com/filecoin-project/bacalhau
../../cs.AI/2023/2304.11513v1/2304.11513v1.pdf,https://github.com/yuehu9/DSAB-Detecting-Socially-Abnormal-Drving-Behaviors
../../cs.AI/2023/2304.14712v4/2304.14712v4.pdf,https://github.com/Wadaboa/3d-bpp
../../cs.AI/2023/2309.17288v2/2309.17288v2.pdf,https://github.com/Link-AGI/AutoAgents
../../cs.AI/2023/2303.15113v1/2303.15113v1.pdf,https://github.com/semanticsystems/swemls-toolkit
../../cs.AI/2023/2308.04265v1/2308.04265v1.pdf,https://github.com/notAI-tech/NudeNet
../../cs.AI/2023/2302.09891v2/2302.09891v2.pdf,https://github.com/dhiyu/UPLLRS
../../cs.AI/2023/2301.12289v1/2301.12289v1.pdf,https://gitlab.com/lina.siltala/two
../../cs.AI/2023/2307.07909v3/2307.07909v3.pdf,https://github.com/yunyikristy/DualMind
../../cs.AI/2023/2308.00560v2/2308.00560v2.pdf,https://github.com/xybFight/NAR4TSP
../../cs.AI/2023/2308.13433v1/2308.13433v1.pdf,https://github.com/hsu-aut/2UML
../../cs.AI/2023/2302.00389v1/2302.00389v1.pdf,https://github.com/marslanm/multimodality-representation-learning
../../cs.AI/2023/2310.02360v1/2310.02360v1.pdf,http://github.com/Farama-Foundation/Gymnasium-Robotics
../../cs.AI/2023/2303.01618v2/2303.01618v2.pdf,https://github.com/BerenMillidge/DeepActiveInference
../../cs.AI/2023/2303.14894v1/2303.14894v1.pdf,https://github.com/solimul/yal-lin
../../cs.AI/2023/2306.14421v1/2306.14421v1.pdf,https://github.com/usail-hkust/Meta-Pec
../../cs.AI/2023/2305.07903v1/2305.07903v1.pdf,https://github.com/ontologyportal/sumo
../../cs.AI/2023/2306.04335v1/2306.04335v1.pdf,https://github.com/protegeproject/swrlapi
../../cs.AI/2023/2302.03180v1/2302.03180v1.pdf,https://github.com/marcotcr/lime
../../cs.AI/2023/2304.13998v1/2304.13998v1.pdf,https://github.com/thomasnguyen92/MIMIC-IV-ICD-data-processing
../../cs.AI/2023/2308.14550v1/2308.14550v1.pdf,https://github.com/AizazSharif/ReMAV
../../cs.AI/2023/2307.14893v1/2307.14893v1.pdf,https://github.com/m4lvin/HasCacBDD
../../cs.AI/2023/2306.00036v1/2306.00036v1.pdf,https://github.com/openai/gym
../../cs.AI/2023/2303.12336v2/2303.12336v2.pdf,https://github.com/HKU-Smart-Mobility-Lab/Transpotation_Simulator
../../cs.AI/2023/2302.11880v2/2302.11880v2.pdf,https://github.com/AwesomeDeepAI/Graph-based-money-laundering-detection
../../cs.AI/2023/2307.12133v1/2307.12133v1.pdf,https://github.com/mds1/path-planning
../../cs.AI/2023/2304.01543v1/2304.01543v1.pdf,https://github.com/Trusted-AI/AIF360
../../cs.AI/2023/2305.13823v2/2305.13823v2.pdf,https://github.com/xplanlab/xroute_env
../../cs.AI/2023/2307.03937v1/2307.03937v1.pdf,github.com/mxz12119/MPDRL
../../cs.AI/2023/2308.03527v3/2308.03527v3.pdf,https://github.com/iu-ai-research/ChatGPTsEmpatheticDialogues
../../cs.AI/2023/2302.03189v3/2302.03189v3.pdf,github.com/ViscousLemming/Technical-Appendices
../../cs.AI/2023/2307.12626v2/2307.12626v2.pdf,https://github.com/weijingxuan/COCO-MMR
../../cs.AI/2023/2305.10378v1/2305.10378v1.pdf,https://github.com/uoe-agents/pressureplate
../../cs.AI/2023/2308.03107v1/2308.03107v1.pdf,https://github.com/hwchase17/langchain
../../cs.AI/2023/2301.05433v1/2301.05433v1.pdf,https://github.com/alonjacovi/XAI-Scholar
../../cs.AI/2023/2308.13755v1/2308.13755v1.pdf,https://github.com/cruiseresearchgroup/i-align
../../cs.AI/2023/2304.09970v1/2304.09970v1.pdf,https://github.com/jeroenmiddelhuis/LearningResourceAllocation
../../cs.AI/2023/2308.13548v2/2308.13548v2.pdf,https://github.com/guidance-ai/guidance
../../cs.AI/2023/2305.11014v1/2305.11014v1.pdf,https://github.com/tomsilver/llm-genplan
../../cs.AI/2023/2301.10289v2/2301.10289v2.pdf,https://github.com/deepmind/pushworld
../../cs.AI/2023/2302.09071v1/2302.09071v1.pdf,https://github.com/openai/CLIP
../../cs.AI/2023/2309.11284v1/2309.11284v1.pdf,https://github.com/VAN-QIAN/CIKM23-HIEST
../../cs.AI/2023/2307.09296v1/2307.09296v1.pdf,https://github.com/Vicinity111/DCE-RD
../../cs.AI/2023/2306.02519v1/2306.02519v1.pdf,https://github.com/openai/evals
../../cs.AI/2023/2310.05186v1/2310.05186v1.pdf,https://github.com/ilog-ecnu/EvoRRP
../../cs.AI/2023/2309.11724v1/2309.11724v1.pdf,https://github.com/AI-S2-Lab/EmoPP
../../cs.AI/2023/2308.12486v2/2308.12486v2.pdf,https://github.com/bowen-xu/SeL-NAL
../../cs.AI/2023/2302.13591v1/2302.13591v1.pdf,https://github.com/dbpedia/ontology-tracker
../../cs.AI/2023/2304.09015v3/2304.09015v3.pdf,https://github.com/JianhaoChen-nju/PaTeCon
../../cs.AI/2023/2307.15451v1/2307.15451v1.pdf,github.com/a-burigana/delphic_asp
../../cs.AI/2023/2309.09500v1/2309.09500v1.pdf,https://github.com/Zhang-Zijian/PromptST
../../cs.AI/2023/2310.09158v1/2310.09158v1.pdf,https://github.com/chenmeiqii/Teach-LLM-LR
../../cs.AI/2023/2310.00656v3/2310.00656v3.pdf,https://github.com/wiio12/LEGO-Prover
../../cs.AI/2023/2310.07478v2/2310.07478v2.pdf,https://github.com/minjiyoon/MMGL
../../cs.AI/2023/2305.15324v2/2305.15324v2.pdf,https://github.com/inverse-scaling/prize
../../cs.AI/2023/2302.09335v2/2302.09335v2.pdf,https://github.com/sienna-wxy/KDGene
../../cs.AI/2023/2304.09407v1/2304.09407v1.pdf,https://github.com/Pointerformer/Pointerformer
../../cs.AI/2023/2301.10280v1/2301.10280v1.pdf,https://github.com/ari-dasci/S-PlanningProblemGeneration
../../cs.AI/2023/2303.09449v1/2303.09449v1.pdf,https://github.com/Ludeme/LudiiExampleAI
../../cs.AI/2023/2302.01561v2/2302.01561v2.pdf,https://github.com/Michael-Beukman/MCHAMR
../../cs.AI/2023/2309.16180v1/2309.16180v1.pdf,github.com/alban-grastien/diagfwork
../../cs.AI/2023/2304.14678v1/2304.14678v1.pdf,https://github.com/zjukg/NeuralKG
../../cs.AI/2023/2304.14832v1/2304.14832v1.pdf,https://github.com/arminbiere/cadical
../../cs.AI/2023/2308.05501v1/2308.05501v1.pdf,https://www.github.com/deepcam-cn/yolov5-face
../../cs.AI/2023/2309.11064v1/2309.11064v1.pdf,https://github.com/tatsu-lab/stanford_alpaca
../../cs.AI/2023/2306.16205v1/2306.16205v1.pdf,https://github.com/eugenevinitsky/sequential
../../cs.AI/2023/2308.15863v1/2308.15863v1.pdf,https://github.com/utpalbora/runsolver
../../cs.AI/2023/2307.13815v2/2307.13815v2.pdf,https://github.com/edgetrier/AI-Reasoner
../../cs.AI/2023/2309.12529v1/2309.12529v1.pdf,https://github.com/WilsonWangTHU/neural_graph_evolution
../../cs.AI/2023/2308.15969v1/2308.15969v1.pdf,https://github.com/anonymous902109/iters
../../cs.AI/2023/2304.11376v1/2304.11376v1.pdf,https://github.com/qlurkin/PI2CChampionshipRunner
../../cs.AI/2023/2307.07734v1/2307.07734v1.pdf,https://github.com/FudanVI/generative-abstract-reasoning
../../cs.AI/2023/2310.02019v1/2310.02019v1.pdf,http://github.com/pedramsalimi/NLGXAI
../../cs.AI/2023/2301.07345v1/2301.07345v1.pdf,https://github.com/irfansha/Q-sage
../../cs.AI/2023/2301.05082v1/2301.05082v1.pdf,https://github.com/IgnacioVellido/Driver-Assistance-System
../../cs.AI/2023/2305.08116v2/2305.08116v2.pdf,https://github.com/asoulet/superficiality
../../cs.AI/2023/2307.11525v1/2307.11525v1.pdf,http://github.com/google/tuning_playbook
../../cs.AI/2023/2308.04749v1/2308.04749v1.pdf,https://github.com/BrainCog-X/Brain-Cog
../../cs.AI/2023/2308.15390v1/2308.15390v1.pdf,https://github.com/Grottoh/WTA-Network
../../cs.AI/2023/2308.09830v3/2308.09830v3.pdf,https://github.com/Significant-Gravitas/Auto-GPT
../../cs.AI/2023/2308.04030v1/2308.04030v1.pdf,https://github.com/Gentopia-AI/Gentopia
../../cs.AI/2023/2304.12604v1/2304.12604v1.pdf,https://github.com/hhdo/DaeMon
../../cs.AI/2023/2310.05167v2/2310.05167v2.pdf,https://github.com/Snagnar/Hieros
../../cs.AI/2023/2302.11871v1/2302.11871v1.pdf,https://github.com/Jfortin1/ComBatHarmonization
../../cs.AI/2023/2308.03161v1/2308.03161v1.pdf,https://github.com/rbrandt1/Precise-Benchmarking-of-XAI
../../cs.AI/2023/2306.05016v1/2306.05016v1.pdf,https://github.com/BUPT-ANTlab/PEPCRL-MVP
../../cs.AI/2023/2303.15027v3/2303.15027v3.pdf,https://github.com/sa-and/interventional_RL
../../cs.AI/2023/2306.03381v1/2306.03381v1.pdf,https://github.com/ValveSoftware/openvr
../../cs.AI/2023/2304.03103v2/2304.03103v2.pdf,https://github.com/oegedijk/explainerdashboard
../../cs.AI/2023/2310.03352v1/2310.03352v1.pdf,github.com/idsia/credici
../../cs.AI/2023/2306.07635v1/2306.07635v1.pdf,https://gitlab.com/JoD/exact
../../cs.AI/2023/2306.03604v4/2306.03604v4.pdf,https://github.com/ZJLAB-AMMI/LLM4RL
../../cs.AI/2023/2307.01532v1/2307.01532v1.pdf,https://github.com/filipcano/intentional-autonomous-agents
../../cs.AI/2023/2310.06116v2/2310.06116v2.pdf,https://github.com/teshnizi/OptiMUS
../../cs.AI/2023/2304.11722v1/2304.11722v1.pdf,https://github.com/lilv98/LogicRec
../../cs.AI/2023/2302.09346v1/2302.09346v1.pdf,https://github.com/christianversloot/machine-learning-articles
../../cs.AI/2023/2310.05690v1/2310.05690v1.pdf,https://github.com/abisee/cnn-dailymail
../../cs.AI/2023/2306.08680v1/2306.08680v1.pdf,https://github.com/whitemech/FOND4LTLf
../../cs.AI/2023/2301.02781v1/2301.02781v1.pdf,https://github.com/wencolani/IterE
../../cs.AI/2023/2306.07542v1/2306.07542v1.pdf,https://github.com/VictorYXL/ReplenishmentEnv
../../cs.AI/2023/2306.05138v2/2306.05138v2.pdf,https://github.com/facebookresearch/esm
../../cs.AI/2023/2306.03423v2/2306.03423v2.pdf,https://github.com/maxwellreuter/chatgpt-refusals
../../cs.AI/2023/2303.07192v1/2303.07192v1.pdf,https://github.com/SmartDataAnalytics/SML-Bench
../../cs.AI/2023/2309.12696v1/2309.12696v1.pdf,https://github.com/oxwhirl/smac
../../cs.AI/2023/2306.04814v1/2306.04814v1.pdf,https://github.com/shuwen-liu-ox/LogInfer
../../cs.AI/2023/2308.04492v1/2308.04492v1.pdf,https://github.com/tatsu-lab/stanford_alpaca
../../cs.AI/2023/2307.03171v1/2307.03171v1.pdf,https://github.com/khalil-research/leo
../../cs.AI/2023/2302.00965v2/2302.00965v2.pdf,https://github.com/sail-sg/PatchAIL
../../cs.AI/2023/2308.02666v1/2308.02666v1.pdf,https://github.com/nathansttt/hog2
../../cs.AI/2023/2306.13956v2/2306.13956v2.pdf,https://github.com/n-brindise/pointwiseExpl-example
../../cs.AI/2023/2310.04988v2/2310.04988v2.pdf,https://github.com/Nv7-GitHub/googlesearch
../../cs.AI/2023/2304.05271v1/2304.05271v1.pdf,https://github.com/tufts-ai-robotics-group/Automaton-guided-CL
../../cs.AI/2023/2306.06294v1/2306.06294v1.pdf,https://github.com/microsoft/dowhy
../../cs.AI/2023/2304.02769v1/2304.02769v1.pdf,https://github.com/Derposoft/plot_
../../cs.AI/2023/2305.10051v1/2305.10051v1.pdf,https://github.com/baharslmn/pbn-epsilon-tuning
../../cs.AI/2023/2304.14918v1/2304.14918v1.pdf,https://github.com/QueensGambit/CrazyAra
../../cs.AI/2023/2303.10118v1/2303.10118v1.pdf,https://github.com/potassco/clingraph
../../cs.AI/2023/2304.11574v2/2304.11574v2.pdf,https://github.com/librahu/HIN-Datasets-for-Recommendation-a
../../cs.AI/2023/2303.08264v1/2303.08264v1.pdf,https://github.com/chanind/amr-social-chemistry-reasoner
../../cs.AI/2023/2303.03961v1/2303.03961v1.pdf,https://github.com/bscheibel/dmma-e
../../cs.AI/2023/2308.03427v3/2308.03427v3.pdf,https://github.com/Significant-Gravitas/Auto-GPT
../../cs.AI/2023/2304.11905v1/2304.11905v1.pdf,https://github.com/InkiInki/DKMIL
../../cs.AI/2023/2304.11740v1/2304.11740v1.pdf,https://github.com/agrimgupta92/sgan
../../cs.AI/2023/2306.03606v1/2306.03606v1.pdf,https://github.com/elsevier-AI-Lab/BioBLP
../../cs.AI/2023/2302.04123v1/2302.04123v1.pdf,https://github.com/ftaglino/SemanticRelatednessInRDFGraph
../../cs.AI/2023/2307.10688v1/2307.10688v1.pdf,https://github.com/banbaralab/recongo
../../cs.AI/2023/2307.09905v1/2307.09905v1.pdf,https://github.com/martinballa/PyTAG979-8-3503-2277-4
../../cs.AI/2023/2306.07353v1/2306.07353v1.pdf,https://github.com/pellierd/HDDL2.1
../../cs.AI/2023/2309.17319v2/2309.17319v2.pdf,https://github.com/nasa-impact/hls-foundation-os
../../cs.AI/2023/2303.16680v2/2303.16680v2.pdf,https://gitlab.com/janikbenzin/ocpd
../../cs.AI/2023/2307.02164v1/2307.02164v1.pdf,https://github.com/filipcano/safety-shields-delayed
../../cs.AI/2023/2307.06126v1/2307.06126v1.pdf,https://github.com/Dimosts/ActiveConLearn
../../cs.AI/2023/2307.10224v3/2307.10224v3.pdf,https://github.com/gemcollector/RL-ViGen
../../cs.AI/2023/2306.13546v1/2306.13546v1.pdf,https://github.com/maximecb/gym-minigrid
../../cs.AI/2023/2308.03447v1/2308.03447v1.pdf,https://github.com/liseda-lab/TrueWalks
../../cs.AI/2023/2303.14363v1/2303.14363v1.pdf,https://github.com/DillonZChen/cpp-mossp-planner
../../cs.AI/2023/2307.11343v1/2307.11343v1.pdf,https://github.com/xtli12/GXU-LIPE
../../cs.AI/2023/2303.02664v1/2303.02664v1.pdf,https://github.com/amihayelboher/CoPE
../../cs.AI/2023/2308.15514v2/2308.15514v2.pdf,https://github.com/openai/evals
../../cs.AI/2023/2306.02043v1/2306.02043v1.pdf,https://github.com/kakaobrain/pororo
../../cs.AI/2023/2307.08262v1/2307.08262v1.pdf,https://github.com/stan5dard/IJCAI-CoachAI-Challenge-2023
../../cs.AI/2023/2302.00302v1/2302.00302v1.pdf,https://github.com/Ethan-Yys/DBPMaN
../../cs.AI/2023/2310.07653v2/2310.07653v2.pdf,https://github.com/lllyasviel/Fooocus
../../cs.AI/2023/2309.12423v1/2309.12423v1.pdf,https://github.com/solashirai/WWW-EvCBR
../../cs.AI/2023/2309.14796v1/2309.14796v1.pdf,https://github.com/skewondr/FoLiBi
../../cs.AI/2023/2309.13218v3/2309.13218v3.pdf,https://github.com/pivithuruthejanamarasinghe/AI-Copilot-Artifacts
../../cs.AI/2023/2305.10830v1/2305.10830v1.pdf,https://github.com/wenjie-liao/StructGAN_v1
../../cs.AI/2023/2309.11356v1/2309.11356v1.pdf,https://github.com/gistairc/ABCDdataset
../../cs.AI/2023/2309.03651v1/2309.03651v1.pdf,https://github.com/ManuelEberhardinger/ec-rl
../../cs.AI/2023/2308.15168v1/2308.15168v1.pdf,https://github.com/DiseaseOntology/-HumanDiseaseOntology
../../cs.AI/2023/2306.13935v2/2306.13935v2.pdf,https://github.com/cosmic-cortex/modAL
../../cs.AI/2023/2301.11970v2/2301.11970v2.pdf,https://github.com/itsaugat/sf
../../cs.AI/2023/2309.11737v1/2309.11737v1.pdf,https://github.com/JoeyHou/branching
../../cs.AI/2023/2307.09858v1/2307.09858v1.pdf,https://github.com/wulongfeng/CaliRare
../../cs.AI/2023/2309.11361v1/2309.11361v1.pdf,https://github.com/kgqa4mat/KGQA4MAT10
../../cs.AI/2023/2305.17601v2/2305.17601v2.pdf,https://github.com/johannestreutlein/scoring-rules-performative
../../cs.AI/2023/2302.10503v2/2302.10503v2.pdf,github.com/trangnnp/RSM
../../cs.AI/2023/2308.01732v1/2308.01732v1.pdf,https://github.com/RMLio/rmlmapper-java
../../cs.AI/2023/2308.04814v1/2308.04814v1.pdf,https://github.com/ykazakov/ore-2015-competition-framework
../../cs.AI/2023/2302.10567v1/2302.10567v1.pdf,https://github.com/steve30572/DPAO
../../cs.AI/2023/2305.15318v1/2305.15318v1.pdf,github.com/raki123/counterfactuals
../../cs.AI/2023/2308.01105v1/2308.01105v1.pdf,https://github.com/boschresearch/KGE-Welding
../../cs.AI/2023/2310.05123v2/2310.05123v2.pdf,https://github.com/IsolationKernel/TIDKC
../../cs.AI/2023/2306.09082v1/2306.09082v1.pdf,https://github.com/openai/Video-Pre-Training
../../cs.AI/2023/2305.08511v1/2305.08511v1.pdf,https://github.com/spell-system/SPELL
../../cs.AI/2023/2310.01536v1/2310.01536v1.pdf,github.com/awjdean/CayleyTableGeneration
../../cs.AI/2023/2309.17057v1/2309.17057v1.pdf,https://github.com/ADMAntwerp/XAIstories
../../cs.AI/2023/2308.05996v2/2308.05996v2.pdf,https://github.com/yuangh-x/2022-NIPS-Tenrec
../../cs.AI/2023/2303.01860v4/2303.01860v4.pdf,https://github.com/giacomo97cnr/Rule-based-ODD
../../cs.AI/2023/2305.13206v1/2305.13206v1.pdf,https://github.com/jw3il/PommerLearn
../../cs.AI/2023/2307.12081v1/2307.12081v1.pdf,https://gitlab.com/mbortoli/temporalmacro
../../cs.AI/2023/2306.03048v2/2306.03048v2.pdf,https://github.com/NeuralNetworkVerification/Marabou
../../cs.AI/2023/2306.17504v1/2306.17504v1.pdf,https://github.com/Mi-Peng/Systematic-Investigation-of-Sparse-Perturbed-Sharpness-Aware-Minimization-Optimizer
../../cs.AI/2023/2302.01150v1/2302.01150v1.pdf,https://github.com/sgottsch/Tab2KG
../../cs.AI/2023/2309.09404v3/2309.09404v3.pdf,https://github.com/ai4society/Ultra-Metric
../../cs.AI/2023/2304.07030v1/2304.07030v1.pdf,https://github.com/Grey-z/FairRec
../../cs.AI/2023/2303.11899v5/2303.11899v5.pdf,https://github.com/wingsweihua/colight
../../cs.AI/2023/2301.11047v3/2301.11047v3.pdf,https://github.com/luiscruz/slr-green-ai
../../cs.AI/2023/2302.04599v3/2302.04599v3.pdf,https://github.com/jonathanfeldstein/PRISM
../../cs.AI/2023/2306.01771v1/2306.01771v1.pdf,https://github.com/features/copilot
../../cs.AI/2023/2304.12512v1/2304.12512v1.pdf,https://github.com/henrygilbert22/phd_chatgpt
../../cs.AI/2023/2310.03188v1/2310.03188v1.pdf,https://github.com/google-research/vision_transformer
../../cs.AI/2023/2304.00755v1/2304.00755v1.pdf,https://github.com/RingBDStack/SR-MARL
../../cs.AI/2023/2305.08234v2/2305.08234v2.pdf,https://github.com/ScriptsOfTribute/ScriptsOfTribute-Core
../../cs.AI/2023/2306.08397v1/2306.08397v1.pdf,https://github.com/ml-research/SLASH
../../cs.AI/2023/2305.11130v2/2305.11130v2.pdf,https://github.com/934865517zjk/SimOAP
../../cs.AI/2023/2306.00249v2/2306.00249v2.pdf,https://github.com/sisl/BetaZero.jl
../../cs.AI/2023/2301.03283v3/2301.03283v3.pdf,https://github.com/ZesenChen/multi-label-dataset
../../cs.AI/2023/2308.15879v1/2308.15879v1.pdf,https://github.com/alviano/xasp
../../cs.AI/2023/2310.02658v2/2310.02658v2.pdf,https://github.com/AIG-ist-tugraz/ExamMultiConf
../../cs.AI/2023/2303.00968v2/2303.00968v2.pdf,https://github.com/that-recsys-lab/scruf_tors_2023
../../cs.AI/2023/2305.15743v1/2305.15743v1.pdf,https://github.com/PJSAC/Trans
../../cs.AI/2023/2306.14722v1/2306.14722v1.pdf,https://github.com/RUCKBReasoning/FC-KBQA
../../cs.AI/2023/2301.11891v1/2301.11891v1.pdf,https://github.com/PolycraftWorld/PAL
../../cs.AI/2023/2306.02342v1/2306.02342v1.pdf,https://github.com/theoad/dot-dmax
../../cs.AI/2023/2308.05385v1/2308.05385v1.pdf,https://github.com/Hope-Rita/PatCLS
../../cs.AI/2023/2301.02983v1/2301.02983v1.pdf,github.com/xufangzhi/TaCo
../../cs.AI/2023/2305.11407v1/2305.11407v1.pdf,https://github.com/celehs/LATTE
../../cs.AI/2023/2310.05129v1/2310.05129v1.pdf,https://github.com/kaldi-asr/kaldi
../../cs.AI/2023/2310.08328v2/2310.08328v2.pdf,https://github.com/Fantasy-Shaw/H-STFormer
../../cs.AI/2023/2304.13269v2/2304.13269v2.pdf,https://github.com/SUSTechGameAI/GameAIPlatforms
../../cs.AI/2023/2301.04709v1/2301.04709v1.pdf,https://github.com/atticusg/InterchangeInterventions
../../cs.AI/2023/2308.15985v1/2308.15985v1.pdf,https://github.com/liuchunsense/TRA
../../cs.AI/2023/2309.15242v1/2309.15242v1.pdf,https://github.com/TheFebrin/Polygonal-Map-Generation-for-Games
../../cs.AI/2023/2307.08430v2/2307.08430v2.pdf,https://github.com/JHL-HUST/LDMLP
../../cs.AI/2023/2304.05493v1/2304.05493v1.pdf,https://github.com/UzmaHasan/KGS-Causal-Discovery-Using-Constraints
../../cs.AI/2023/2301.11087v1/2301.11087v1.pdf,https://github.com/aig-upf/best-first-generalized-planning
../../cs.AI/2023/2302.10439v1/2302.10439v1.pdf,https://github.com/hoergems/ADVT
../../cs.AI/2023/2307.12933v1/2307.12933v1.pdf,https://github.com/opendilab/DI-engine
../../cs.AI/2023/2309.16146v1/2309.16146v1.pdf,https://github.com/NEU-DataMining/T-COL
../../cs.AI/2023/2305.05560v3/2305.05560v3.pdf,https://github.com/wilrop/distributional-dominance
../../cs.AI/2023/2309.09901v1/2309.09901v1.pdf,github.com/cmu-phil/tetrad
../../cs.AI/2023/2307.04608v1/2307.04608v1.pdf,https://github.com/yanneta/learning_heuristics_sat
../../cs.AI/2023/2304.14742v1/2304.14742v1.pdf,https://github.com/dice-group/LitCQD
../../cs.AI/2023/2304.13854v1/2304.13854v1.pdf,https://github.com/VT-NLP/open_domain_entity_state_tracking
../../cs.AI/2023/2306.04152v1/2306.04152v1.pdf,https://www.github.com/Datastory-CN/ASQP-Datasets
../../cs.AI/2023/2306.04813v2/2306.04813v2.pdf,https://github.com/Parallax-Advanced-Research/noveltygen
../../cs.AI/2023/2304.00879v2/2304.00879v2.pdf,https://github.com/PietroTotis/smProblog
../../cs.AI/2023/2310.01471v1/2310.01471v1.pdf,https://github.com/udg-lai/KEPS2023
../../cs.AI/2023/2306.03082v2/2306.03082v2.pdf,https://github.com/Lichang-Chen/InstructZero
../../cs.AI/2023/2307.09047v1/2307.09047v1.pdf,https://github.com/mv96/mm_extraction
../../cs.AI/2023/2303.03581v1/2303.03581v1.pdf,https://github.com/vivian1993/NCRL
../../cs.AI/2023/2305.07465v1/2305.07465v1.pdf,https://github.com/eilab-gt/beyond-prompts-experiment
../../cs.AI/2023/2302.06188v1/2302.06188v1.pdf,https://github.com/unitn-sml/wmi-pa
../../cs.AI/2023/2308.03179v1/2308.03179v1.pdf,https://github.com/AoShuang92/optimal_risk
../../cs.AI/2023/2304.12000v1/2304.12000v1.pdf,https://github.com/RingBDStack/SISA
../../cs.AI/2023/2308.15819v1/2308.15819v1.pdf,https://github.com/Laakeri/sharpsat-td
../../cs.AI/2023/2303.13512v1/2303.13512v1.pdf,https://github.com/openai/Video-Pre-Training
../../cs.AI/2023/2301.10034v3/2301.10034v3.pdf,https://github.com/CraftJarvis/MC-Controller
../../cs.AI/2023/2302.00419v1/2302.00419v1.pdf,https://github.com/observerss/ngender
../../cs.AI/2023/2309.11473v1/2309.11473v1.pdf,https://github.com/BBKing49/MVRL_FS
../../cs.AI/2023/2309.00317v2/2309.00317v2.pdf,https://github.com/Tam1032/DSAA2023-Challenge-Link-prediction-DS-UIT
../../cs.AI/2023/2304.13765v2/2304.13765v2.pdf,https://github.com/Aleph-Alpha/magma
../../cs.AI/2023/2306.16914v1/2306.16914v1.pdf,https://github.com/cmu-delphi/covidcast-indicators
../../cs.AI/2023/2302.12676v1/2302.12676v1.pdf,https://github.com/stelios30/aamas23-responsibility-attribution-mcts
../../cs.AI/2023/2305.08144v2/2305.08144v2.pdf,https://github.com/X-LANCE/Mobile-Env
../../cs.AI/2023/2302.01560v2/2302.01560v2.pdf,https://github.com/CraftJarvis/MC-Planner
../../cs.AI/2023/2302.03578v1/2302.03578v1.pdf,https://github.com/JackFurby/explainable-concept-bottleneck-models
../../cs.AI/2023/2309.11478v1/2309.11478v1.pdf,https://github.com/Rapptz/discord.py
../../cs.AI/2023/2307.11709v1/2307.11709v1.pdf,github.com/aakashba/smncode2022
../../cs.AI/2023/2307.08304v2/2307.08304v2.pdf,https://www.github.com/IDSIA-papers/2023-IJAR-efficient-bounding
../../cs.AI/2023/2306.02910v3/2306.02910v3.pdf,https://github.com/bpogroup/aepn-project
../../cs.AI/2023/2310.08915v2/2310.08915v2.pdf,https://github.com/zyxxmu/DSnoT
../../cs.AI/2023/2309.09825v2/2309.09825v2.pdf,https://github.com/openai/gpt-3
../../cs.AI/2023/2304.11383v2/2304.11383v2.pdf,https://github.com/Huanhuaneryuan/SR-PLR
../../cs.AI/2023/2310.05692v1/2310.05692v1.pdf,https://github.com/RandomUserName2023/Control-ANNs
../../cs.AI/2023/2306.03553v1/2306.03553v1.pdf,https://github.com/Significant-Gravitas/Auto-GPT
../../cs.AI/2023/2309.10253v2/2309.10253v2.pdf,https://github.com/sherdencooper/GPTFuzz
../../cs.AI/2023/2302.02785v1/2302.02785v1.pdf,https://github.com/RationalityEnhancementGroup/MGPO-SSD
../../cs.AI/2023/2301.12400v2/2301.12400v2.pdf,https://github.com/TempHero/HeroNet
../../cs.AI/2023/2308.16262v2/2308.16262v2.pdf,https://github.com/muandet-lab/causal-strategic-learning-with-selection
../../cs.AI/2023/2308.03377v1/2308.03377v1.pdf,https://github.com/zmy-9/CMKT
../../cs.AI/2023/2303.17892v1/2303.17892v1.pdf,https://github.com/sbadredd/interval-ltn
../../cs.AI/2023/2308.04299v1/2308.04299v1.pdf,https://github.com/lychanl/acer-release
../../cs.AI/2023/2303.01325v2/2303.01325v2.pdf,https://github.com/CompVis/stable-diffusion
../../cs.AI/2023/2310.07871v2/2310.07871v2.pdf,https://github.com/XiaochenWang-PSU/MedHMP
../../cs.AI/2023/2308.03450v1/2308.03450v1.pdf,https://github.com/openfaas/faas
../../cs.AI/2023/2303.13531v1/2303.13531v1.pdf,github.com/gingerabsurdity/hldiscovery
../../cs.AI/2023/2304.01547v2/2304.01547v2.pdf,https://github.com/Optimization-and-Machine-Learning-Lab/open_spiel
../../cs.AI/2023/2309.13939v1/2309.13939v1.pdf,https://github.com/chatarena/chatarena
../../cs.AI/2023/2302.11563v2/2302.11563v2.pdf,https://github.com/Iskandor/SND
../../cs.AI/2023/2308.05585v1/2308.05585v1.pdf,https://github.com/openai/baselines
../../cs.AI/2023/2310.01520v1/2310.01520v1.pdf,https://github.com/IBM/diversescore
../../cs.AI/2023/2306.02415v2/2306.02415v2.pdf,https://github.com/royabel/Top-Down-Networks
../../cs.AI/2023/2310.06624v1/2310.06624v1.pdf,https://github.com/johny-b/BridgeHand2Vec
../../cs.AI/2023/2302.12691v1/2302.12691v1.pdf,https://github.com/tensorflow/models
../../cs.AI/2023/2310.01470v1/2310.01470v1.pdf,https://github.com/stacs-cp/Plotting-Journal
../../cs.AI/2023/2304.04893v1/2304.04893v1.pdf,https://github.com/EVKG/evkg
../../cs.AI/2023/2308.06137v2/2308.06137v2.pdf,https://github.com/portal-cornell/Game-Theoretic-Forecasting-Planning
../../cs.AI/2023/2310.08008v3/2310.08008v3.pdf,https://github.com/allenai/contrast-sets
../../cs.AI/2023/2308.14301v1/2308.14301v1.pdf,https://github.com/Eivy1234/Resumai-site
../../cs.AI/2023/2308.04172v2/2308.04172v2.pdf,https://github.com/rdkit/rdkit
../../cs.AI/2023/2306.03387v1/2306.03387v1.pdf,https://github.com/LARS-research/ColdNAS
../../cs.AI/2023/2306.07863v2/2306.07863v2.pdf,https://github.com/ltzheng/Synapse
../../cs.AI/2023/2309.11469v1/2309.11469v1.pdf,https://github.com/KKimura360/MLC_toolbox
../../cs.AI/2023/2301.08687v1/2301.08687v1.pdf,https://github.com/surynek/boOX
../../cs.AI/2023/2308.07327v5/2308.07327v5.pdf,https://github.com/uoftcprg/pokerkit
../../cs.AI/2023/2305.13258v1/2305.13258v1.pdf,https://github.com/djherron/NeSy4VRD
../../cs.AI/2023/2305.04357v1/2305.04357v1.pdf,https://github.com/FMZennaro/CausalAbstraction
../../cs.AI/2023/2302.10650v1/2302.10650v1.pdf,https://github.com/secure-ai-assistants/norm-prediction
../../cs.AI/2023/2302.10407v1/2302.10407v1.pdf,https://github.com/Orion-wyc/GAGA
../../cs.AI/2023/2309.14663v1/2309.14663v1.pdf,https://github.com/pranavraj575/swarm
../../cs.AI/2023/2306.15664v2/2306.15664v2.pdf,https://github.com/wywyWang/CoachAI-Projects
../../cs.AI/2023/2301.08490v1/2301.08490v1.pdf,https://github.com/causalgraph/causalgraph
../../cs.AI/2023/2304.12686v1/2304.12686v1.pdf,github.com/ViscousLemming/Technical-Appendices
../../cs.AI/2023/2307.08775v1/2307.08775v1.pdf,https://github.com/yining610/GEAR
../../cs.AI/2023/2307.10543v1/2307.10543v1.pdf,https://github.com/WindyLee0822/TREA
../../cs.AI/2023/2309.12132v1/2309.12132v1.pdf,https://github.com/CamilleZ99/ContractKG
../../cs.AI/2023/2302.00935v3/2302.00935v3.pdf,https://github.com/Haichao-Zhang/PEX
../../cs.AI/2023/2310.04963v2/2310.04963v2.pdf,https://github.com/chrismun/vv
../../cs.AI/2023/2306.02199v1/2306.02199v1.pdf,https://github.com/xiongbo010/ShrinkE
../../cs.AI/2023/2304.13922v1/2304.13922v1.pdf,https://github.com/bi3mer/GramElitesData
../../cs.AI/2023/2308.04161v1/2308.04161v1.pdf,https://github.com/potassco/https
../../cs.AI/2023/2303.06775v1/2303.06775v1.pdf,https://github.com/rocanaan/hanabi-ad-hoc-learning
../../cs.AI/2023/2309.06888v1/2309.06888v1.pdf,https://github.com/julianmendez/born
../../cs.AI/2023/2306.14256v1/2306.14256v1.pdf,https://github.com/C4AI/gap-text2sql
../../cs.AI/2023/2301.05893v2/2301.05893v2.pdf,https://github.com/mattdravucz/jointly-learning-causal-abstraction
../../cs.AI/2023/2301.07427v1/2301.07427v1.pdf,https://github.com/marti5ini/GENCDA
../../cs.AI/2023/2302.05405v1/2302.05405v1.pdf,https://github.com/xcsp3team/ace
../../cs.AI/2023/2307.07764v3/2307.07764v3.pdf,https://github.com/pievos101/cpath
../../cs.AI/2023/2309.05371v1/2309.05371v1.pdf,https://github.com/KrellFace/gen_shift_analysis
../../cs.AI/2023/2306.04324v2/2306.04324v2.pdf,https://github.com/Eighonet/GCT-TTE
../../cs.AI/2023/2305.09111v1/2305.09111v1.pdf,https://github.com/cunananm2000/WordleBot
../../cs.AI/2023/2307.08721v2/2307.08721v2.pdf,https://github.com/ZhangDataLab/CeleTrip
../../cs.AI/2023/2308.03488v1/2308.03488v1.pdf,https://github.com/zmy-9/SFKT
../../cs.AI/2023/2304.01204v1/2304.01204v1.pdf,https://github.com/bloc97/CrossAttentionControl
../../cs.AI/2023/2309.10129v1/2309.10129v1.pdf,https://github.com/HaochenZhang717/Uniswap-v3
../../cs.AI/2023/2306.15796v1/2306.15796v1.pdf,https://github.com/thuiar/MMSA
../../cs.AI/2023/2310.07348v1/2310.07348v1.pdf,https://github.com/Vitens/epynet
../../cs.AI/2023/2308.14475v1/2308.14475v1.pdf,https://github.com/MozhganVD/InteractivePatternDetection
../../cs.AI/2023/2306.15489v3/2306.15489v3.pdf,https://github.com/sheoyon-jhin/PAD
../../cs.AI/2023/2307.02131v5/2307.02131v5.pdf,https://github.com/toygarr/counterfactual-explanations-for-medical-research
../../cs.AI/2023/2308.04639v1/2308.04639v1.pdf,https://github.com/nagata-yuichi/GA-EAX
../../cs.AI/2023/2309.15484v1/2309.15484v1.pdf,https://github.com/google-research/seed
../../cs.AI/2023/2307.13549v1/2307.13549v1.pdf,https://github.com/BharathMuppasani/AI-Planning-Ontology
../../cs.AI/2023/2305.09840v2/2305.09840v2.pdf,github.com/aibasel/downward-benchmarks
../../cs.AI/2023/2304.12146v1/2304.12146v1.pdf,https://github.com/Cyril-Grelier/gc
../../cs.AI/2023/2308.02665v1/2308.02665v1.pdf,https://github.com/sislab-unitn/Let-s-Give-a-Voice-to-Conversational-Agents-in-VR
../../cs.AI/2023/2305.11624v1/2305.11624v1.pdf,https://github.com/open-mmlab/mmdetection
../../cs.AI/2023/2305.10783v1/2305.10783v1.pdf,https://github.com/microsoft/iglu-datasets
../../cs.AI/2023/2304.07337v1/2304.07337v1.pdf,https://github.com/eugenevinitsky/sequential_social_dilemma_games
../../cs.AI/2023/2302.07059v1/2302.07059v1.pdf,https://github.com/Yuanwei-Q/GeoFault-Ontology
../../cs.AI/2023/2307.16387v9/2307.16387v9.pdf,https://github.com/kflijia/bijective_crossing_functions
../../cs.AI/2023/2301.06387v4/2301.06387v4.pdf,https://github.com/LxzGordon/pecan_human_AI_coordination
../../cs.AI/2023/2308.04371v4/2308.04371v4.pdf,https://github.com/iiis-ai/cumulative-reasoning
../../cs.AI/2023/2303.16949v1/2303.16949v1.pdf,https://github.com/irfansha/Q-sage
../../cs.AI/2023/2304.08738v1/2304.08738v1.pdf,https://github.com/dselsam/neurosat
../../cs.AI/2023/2304.14323v2/2304.14323v2.pdf,https://github.com/cl-tud/standpoint-el-souffle-reasoner
../../cs.AI/2023/2305.06951v1/2305.06951v1.pdf,https://github.com/AIG-ist-tugraz/FastDiagP
../../cs.AI/2023/2304.03031v5/2304.03031v5.pdf,https://github.com/facebookresearch/DPR
../../cs.AI/2023/2303.00822v2/2303.00822v2.pdf,https://github.com/blcates/AttackerEntrapment
../../cs.AI/2023/2310.01505v1/2310.01505v1.pdf,https://github.com/stacs-cp/ModRef23-Factorio
../../cs.AI/2023/2308.05985v1/2308.05985v1.pdf,https://github.com/ZL-Helios/TrajPAC
../../cs.AI/2023/2310.07156v1/2310.07156v1.pdf,https://github.com/majid75/CoCo
../../cs.AI/2023/2310.06326v1/2310.06326v1.pdf,https://github.com/LUMIA-Group/I2SRM
../../cs.AI/2023/2303.04534v2/2303.04534v2.pdf,https://github.com/alviano/valphi
../../cs.AI/2023/2309.10532v3/2309.10532v3.pdf,https://github.com/Yang-Yuan/CPCNet
../../cs.AI/2023/2306.05069v1/2306.05069v1.pdf,https://github.com/asptools/software
../../cs.AI/2023/2306.03236v1/2306.03236v1.pdf,github.com/facebookresearch/e3b
../../cs.AI/2023/2301.05535v1/2301.05535v1.pdf,https://github.com/cleopatra-itn/BarrierDetection-Classification
../../cs.AI/2023/2302.04238v1/2302.04238v1.pdf,https://github.com/WellyZhang/RAVEN
../../cs.AI/2023/2306.14546v1/2306.14546v1.pdf,https://github.com/sbadredd/logltn-experiments
../../cs.AI/2023/2308.05960v1/2308.05960v1.pdf,https://github.com/salesforce/BOLAA
../../cs.AI/2023/2301.10571v1/2301.10571v1.pdf,https://gitlab.com/enricos83/PPMAJAL-Expressive-PDDL-Java-Library
